MANDT;EBELN;EBELP;ETENR;EINDT;MENGE;WEMNG
300;4700001195;00040;0001;2025-08-07;99.000;82.022
300;4700001176;00010;0002;2026-01-18;121.987;121.987
300;4700001076;00040;0001;2025-05-12;201.668;201.668
300;4700001130;00010;0001;2025-04-07;410.208;410.208
300;4700001202;00010;0003;2025-08-27;190.864;190.864
300;4700001126;00030;0002;2025-05-27;97.596;72.564
300;4700001118;00010;0001;2026-06-08;12.971;12.971
300;4700001164;00020;0001;2026-04-03;9.387;9.387
300;4700001136;00040;0002;2026-04-17;136.180;70.459
300;4700001173;00040;0001;2025-03-17;200.000;200.000
300;4700001057;00030;0002;2026-06-19;13.105;13.105
300;4700001091;00010;0001;2025-11-24;107.679;107.679
300;4700001081;00020;0002;2025-10-27;267.894;0.000
300;4700001182;00010;0001;2025-09-21;738.000;738.000
300;4700001039;00010;0002;2025-09-17;130.662;130.662
300;4700001057;00030;0001;2026-05-28;11.895;11.895
300;4700001068;00010;0001;2025-07-11;103.000;112.036
300;4700001080;00020;0002;2025-09-16;81.792;81.792
300;4700001198;00010;0001;2025-08-12;51.731;51.731
300;4700001078;00010;0001;2026-01-21;52.101;52.101
300;4700001194;00010;0001;2026-07-16;216.615;216.615
300;4700001147;00030;0003;2026-08-09;148.448;148.448
300;4700001150;00030;0003;2026-07-23;325.462;325.462
300;4700001011;00010;0002;2025-07-25;302.941;302.941
300;4700001200;00020;0001;2025-08-04;656.000;656.000
300;4700001108;00020;0002;2025-09-08;623.614;623.614
300;4700001002;00010;0001;2026-04-04;355.000;355.000
300;4700001148;00010;0001;2026-06-15;47.044;47.044
300;4700001208;00030;0001;2026-08-02;256.669;256.669
300;4700001196;00010;0002;2025-12-01;11.720;11.720
300;4700001096;00010;0001;2026-02-06;61.000;61.000
300;4700001022;00010;0001;2026-04-13;790.000;464.376
300;4700001102;00010;0002;2025-07-22;198.078;198.078
300;4700001195;00010;0003;2025-10-04;121.396;98.874
300;4700001138;00010;0001;2025-08-18;318.602;214.331
300;4700001012;00020;0001;2026-06-26;150.385;0.000
300;4700001045;00020;0001;2025-12-30;18.423;18.423
300;4700001100;00040;0001;2025-03-03;441.000;441.000
300;4700001104;00020;0001;2025-09-11;748.000;748.000
300;4700001090;00010;0002;2026-01-11;46.538;46.538
300;4700001188;00040;0002;2025-12-14;169.337;143.851
300;4700001033;00010;0001;2025-10-13;122.919;122.919
300;4700001178;00010;0001;2025-03-27;75.000;75.000
300;4700001165;00010;0001;2025-01-21;87.786;87.786
300;4700001124;00030;0001;2025-04-29;476.490;319.583
300;4700001155;00010;0001;2025-10-07;249.000;249.000
300;4700001041;00010;0001;2025-05-23;218.000;218.000
300;4700001153;00020;0001;2025-05-21;250.652;250.652
300;4700001073;00010;0001;2026-01-13;213.000;187.374
300;4700001140;00020;0001;2026-05-06;43.841;43.841
300;4700001141;00010;0002;2026-06-23;12.677;12.677
300;4700001153;00010;0002;2025-06-08;116.518;116.518
300;4700001047;00020;0001;2025-12-01;211.000;132.828
300;4700001181;00010;0001;2026-04-12;273.000;273.000
300;4700001126;00030;0001;2025-05-18;210.522;144.535
300;4700001066;00010;0001;2026-07-15;585.000;585.000
300;4700001178;00020;0001;2025-04-07;37.690;0.000
300;4700001035;00040;0001;2026-05-16;181.000;0.000
300;4700001153;00020;0002;2025-06-15;40.836;40.836
300;4700001171;00010;0002;2025-07-22;53.408;0.000
300;4700001043;00030;0001;2026-03-10;5.694;3.910
300;4700001012;00010;0001;2026-06-01;1015.325;594.041
300;4700001087;00010;0001;2026-05-31;360.000;360.000
300;4700001136;00020;0001;2026-03-16;682.000;682.000
300;4700001059;00040;0001;2025-03-10;477.000;477.000
300;4700001035;00030;0001;2026-05-13;365.000;0.000
300;4700001131;00010;0001;2026-01-31;13.664;13.664
300;4700001115;00020;0002;2026-02-27;453.420;453.420
300;4700001058;00020;0002;2026-04-17;116.879;116.879
300;4700001052;00020;0001;2025-08-07;404.041;404.041
300;4700001031;00020;0002;2026-06-26;58.945;51.022
300;4700001099;00030;0001;2026-03-21;86.604;63.391
300;4700001191;00030;0001;2025-02-11;26.930;26.930
300;4700001202;00030;0001;2025-06-21;70.100;70.100
300;4700001047;00040;0002;2025-12-25;74.893;74.893
300;4700001198;00020;0001;2025-08-15;16.367;0.000
300;4700001055;00010;0001;2025-11-29;915.000;1033.762
300;4700001078;00010;0003;2026-02-13;112.840;86.058
300;4700001054;00020;0002;2025-03-05;452.911;452.911
300;4700001072;00010;0001;2025-09-25;11.362;11.362
300;4700001152;00030;0002;2026-01-23;9.270;9.270
300;4700001035;00020;0002;2026-05-29;274.431;0.000
300;4700001093;00010;0002;2026-05-12;3.900;3.900
300;4700001083;00010;0003;2025-12-01;18.389;18.389
300;4700001206;00010;0001;2026-03-15;201.000;201.000
300;4700001163;00040;0001;2025-02-16;443.000;443.000
300;4700001210;00010;0003;2025-06-02;505.032;505.032
300;4700001100;00030;0003;2025-05-03;326.998;326.998
300;4700001136;00040;0001;2026-03-28;80.969;80.969
300;4700001029;00010;0001;2025-07-28;62.000;62.000
300;4700001018;00020;0001;2026-06-29;230.131;230.131
300;4700001179;00010;0001;2025-10-27;881.000;0.000
300;4700001025;00010;0002;2026-03-02;0.318;0.318
300;4700001166;00010;0002;2025-07-31;57.207;42.191
300;4700001124;00040;0003;2025-06-23;164.454;164.454
300;4700001165;00010;0002;2025-02-01;61.776;61.776
300;4700001206;00020;0001;2026-03-02;28.741;28.741
300;4700001184;00020;0002;2025-11-12;75.076;75.076
300;4700001005;00020;0001;2025-09-20;366.000;366.000
300;4700001028;00020;0001;2025-08-09;87.945;87.945
300;4700001202;00010;0001;2025-07-24;108.854;108.854
300;4700001176;00010;0003;2026-01-26;75.908;75.908
300;4700001105;00010;0001;2025-12-02;0.783;0.000
300;4700001097;00020;0001;2026-01-25;105.592;105.592
300;4700001151;00040;0003;2026-03-21;365.252;365.252
300;4700001027;00040;0002;2025-11-08;31.031;31.031
300;4700001050;00020;0001;2025-07-26;164.209;164.209
300;4700001200;00040;0001;2025-08-26;70.245;0.000
300;4700001027;00020;0001;2025-10-19;314.000;314.000
300;4700001188;00040;0001;2025-12-01;32.663;32.663
300;4700001199;00020;0001;2025-05-20;245.419;245.419
300;4700001061;00010;0001;2025-03-08;411.000;411.000
300;4700001185;00010;0001;2025-04-01;152.000;0.000
300;4700001095;00010;0002;2025-09-03;7.836;7.836
300;4700001036;00040;0003;2025-10-15;97.023;97.023
300;4700001151;00010;0001;2026-01-17;348.690;348.690
300;4700001208;00020;0001;2026-07-12;651.000;651.000
300;4700001190;00010;0001;2026-04-29;50.000;50.000
300;4700001172;00020;0001;2026-06-04;48.507;48.507
300;4700001064;00010;0001;2025-04-18;14.243;14.243
300;4700001164;00030;0001;2026-04-27;10.816;0.000
300;4700001033;00010;0002;2025-11-07;312.081;312.081
300;4700001108;00030;0003;2025-08-23;497.502;497.502
300;4700001045;00020;0002;2026-01-10;759.577;0.000
300;4700001080;00040;0002;2025-08-15;71.589;71.589
300;4700001134;00010;0003;2026-06-04;246.491;246.491
300;4700001210;00010;0001;2025-05-04;43.721;43.721
300;4700001030;00010;0002;2025-08-03;88.683;88.683
300;4700001199;00010;0001;2025-04-29;273.619;273.619
300;4700001048;00010;0001;2025-12-06;413.174;413.174
300;4700001195;00030;0001;2025-08-18;89.335;59.200
300;4700001148;00010;0002;2026-06-26;23.956;20.428
300;4700001014;00020;0001;2026-06-13;43.713;43.713
300;4700001104;00030;0002;2025-10-04;152.497;152.497
300;4700001186;00010;0001;2025-12-19;135.616;135.616
300;4700001020;00010;0001;2026-04-26;98.000;98.000
300;4700001080;00030;0003;2025-09-17;41.892;41.892
300;4700001083;00040;0001;2025-11-05;59.000;49.432
300;4700001118;00010;0002;2026-06-22;9.962;7.197
300;4700001172;00030;0002;2026-07-01;208.587;208.587
300;4700001162;00010;0002;2025-05-02;271.374;271.374
300;4700001006;00020;0001;2025-05-29;143.013;143.013
300;4700001038;00010;0001;2025-12-19;670.000;670.000
300;4700001201;00010;0002;2025-12-07;49.430;49.430
300;4700001189;00020;0002;2025-08-30;40.971;40.971
300;4700001124;00010;0001;2025-05-17;627.000;0.000
300;4700001054;00010;0001;2025-02-03;59.000;59.000
300;4700001057;00020;0001;2026-05-28;456.119;456.119
300;4700001003;00010;0002;2025-04-05;607.610;607.610
300;4700001111;00010;0002;2025-08-01;259.344;259.344
300;4700001133;00020;0002;2025-10-18;35.985;35.985
300;4700001116;00020;0001;2025-08-02;741.000;741.000
300;4700001152;00020;0001;2026-01-18;408.000;408.000
300;4700001208;00030;0002;2026-08-21;185.634;185.634
300;4700001074;00020;0001;2026-06-21;22.125;22.125
300;4700001152;00030;0001;2025-12-30;1.447;1.447
300;4700001031;00020;0001;2026-06-13;51.055;39.243
300;4700001019;00010;0001;2026-04-12;389.000;389.000
300;4700001018;00040;0002;2026-07-01;232.365;232.365
300;4700001099;00030;0003;2026-04-28;17.612;12.218
300;4700001056;00020;0002;2025-05-05;325.867;325.867
300;4700001122;00010;0002;2025-05-30;312.853;312.853
300;4700001168;00020;0002;2026-04-28;79.336;79.336
300;4700001115;00040;0002;2026-03-22;149.091;149.091
300;4700001114;00020;0001;2026-07-27;621.000;621.000
300;4700001160;00010;0002;2026-03-16;57.491;57.491
300;4700001184;00010;0001;2025-10-30;145.000;145.000
300;4700001108;00040;0001;2025-08-25;57.468;57.468
300;4700001063;00020;0002;2025-06-02;58.998;58.998
300;4700001062;00010;0002;2025-09-04;52.064;0.000
300;4700001067;00010;0001;2025-08-21;498.000;498.000
300;4700001086;00020;0002;2026-08-05;40.474;40.474
300;4700001070;00040;0001;2025-08-29;100.658;100.658
300;4700001088;00010;0001;2025-02-20;52.303;52.303
300;4700001051;00010;0001;2025-08-17;339.000;339.000
300;4700001192;00010;0001;2026-02-02;781.000;781.000
300;4700001133;00020;0001;2025-10-05;247.257;247.257
300;4700001144;00020;0001;2025-12-12;382.000;382.000
300;4700001126;00020;0001;2025-06-06;30.740;16.413
300;4700001070;00020;0002;2025-08-26;54.495;54.495
300;4700001080;00090;0001;2025-08-29;197.208;197.208
300;4700001047;00030;0003;2025-12-27;5.728;5.070
300;4700001083;00010;0001;2025-11-07;9.044;9.044
300;4700001156;00030;0001;2026-01-30;59.141;59.141
300;4700001184;00030;0001;2025-10-20;82.000;82.000
300;4700001152;00010;0002;2026-01-19;63.102;63.102
300;4700001128;00010;0002;2026-08-13;310.090;310.090
300;4700001018;00030;0002;2026-07-24;119.455;0.000
300;4700001170;00020;0001;2025-09-25;15.000;15.000
300;4700001037;00010;0001;2026-01-18;4.080;4.080
300;4700001058;00020;0001;2026-03-23;271.288;0.000
300;4700001040;00010;0002;2026-04-20;246.977;246.977
300;4700001196;00010;0003;2025-12-12;0.675;0.675
300;4700001180;00010;0002;2026-05-16;392.607;392.607
300;4700001059;00030;0001;2025-02-26;805.000;923.634
300;4700001162;00010;0001;2025-04-24;121.671;121.671
300;4700001052;00010;0001;2025-07-23;124.703;124.703
300;4700001203;00030;0001;2025-04-15;293.737;222.927
300;4700001027;00030;0002;2025-10-18;561.202;561.202
300;4700001075;00010;0003;2025-12-18;94.738;94.738
300;4700001174;00020;0001;2025-05-05;62.000;62.000
300;4700001153;00020;0003;2025-07-03;222.512;222.512
300;4700001031;00010;0001;2026-05-23;455.000;277.680
300;4700001058;00040;0002;2026-04-03;672.127;672.127
300;4700001015;00010;0001;2025-04-26;114.991;114.991
300;4700001149;00010;0002;2025-06-30;61.419;61.419
300;4700001042;00010;0002;2026-04-11;293.219;293.219
300;4700001065;00020;0001;2025-04-28;1075.000;1075.000
300;4700001049;00030;0001;2026-03-19;215.227;215.227
300;4700001157;00010;0002;2025-09-13;40.481;40.481
300;4700001191;00030;0002;2025-02-20;24.070;24.070
300;4700001134;00020;0002;2026-06-06;341.189;341.189
300;4700001060;00020;0001;2026-01-15;50.085;50.085
300;4700001058;00010;0003;2026-04-21;258.517;258.517
300;4700001115;00010;0002;2026-03-04;325.151;0.000
300;4700001162;00010;0003;2025-05-30;269.955;269.955
300;4700001115;00020;0001;2026-02-09;614.580;614.580
300;4700001119;00010;0002;2026-04-04;17.702;17.702
300;4700001172;00030;0001;2026-06-10;290.413;290.413
300;4700001050;00030;0001;2025-07-24;792.000;792.000
300;4700001060;00030;0002;2026-01-24;168.996;168.996
300;4700001210;00090;0001;2025-05-04;-43.721;43.721
300;4700001197;00010;0001;2025-09-13;562.000;562.000
300;4700001081;00010;0001;2025-11-06;251.855;251.855
300;4700001079;00010;0001;2025-02-24;486.000;486.000
300;4700001108;00020;0003;2025-10-03;482.149;482.149
300;4700001025;00010;0001;2026-02-11;17.682;17.682
300;4700001060;00020;0002;2026-01-27;23.915;23.915
300;4700001027;00040;0001;2025-10-25;13.926;13.926
300;4700001137;00020;0001;2026-01-30;248.975;191.279
300;4700001203;00010;0002;2025-04-24;73.317;73.317
300;4700001092;00010;0003;2025-06-08;80.103;80.103
300;4700001154;00030;0001;2025-03-01;88.450;88.450
300;4700001100;00010;0001;2025-03-02;217.862;242.828
300;4700001209;00010;0001;2025-08-23;594.000;594.000
300;4700001127;00020;0001;2026-05-11;654.000;654.000
300;4700001200;00030;0002;2025-08-28;317.663;317.663
300;4700001034;00010;0001;2025-10-12;182.212;182.212
300;4700001080;00040;0001;2025-08-03;503.411;503.411
300;4700001100;00030;0002;2025-04-13;183.826;183.826
300;4700001180;00010;0001;2026-04-19;399.393;399.393
300;4700001006;00030;0001;2025-06-07;673.000;0.000
300;4700001183;00010;0001;2025-02-28;626.542;626.542
300;4700001032;00010;0003;2026-02-16;287.748;287.748
300;4700001112;00010;0001;2025-08-04;473.000;473.000
300;4700001151;00020;0002;2026-02-23;552.261;552.261
300;4700001086;00020;0001;2026-07-28;494.526;494.526
300;4700001023;00010;0001;2025-03-13;646.000;646.000
300;4700001068;00020;0001;2025-07-10;34.559;23.963
300;4700001032;00010;0001;2026-01-10;449.952;0.000
300;4700001129;00010;0002;2026-04-03;53.877;53.877
300;4700001143;00010;0001;2025-10-12;61.881;61.881
300;4700001043;00030;0002;2026-04-04;7.306;7.306
300;4700001095;00010;0003;2025-09-16;121.232;121.232
300;4700001050;00010;0001;2025-07-24;20.395;20.395
300;4700001097;00030;0001;2025-12-27;48.000;45.401
300;4700001009;00010;0001;2025-04-24;700.000;700.000
300;4700001120;00020;0001;2026-01-04;505.000;505.000
300;4700001132;00010;0001;2025-06-22;378.000;378.000
300;4700001171;00010;0003;2025-08-10;26.044;26.044
300;4700001196;00010;0001;2025-11-18;13.605;13.605
300;4700001076;00020;0001;2025-05-08;903.000;903.000
300;4700001046;00010;0001;2026-01-29;909.026;909.026
300;4700001165;00010;0003;2025-02-20;71.438;71.438
300;4700001114;00030;0001;2026-07-23;332.000;332.000
300;4700001058;00030;0002;2026-03-24;637.013;690.909
300;4700001057;00010;0002;2026-06-08;107.643;107.643
300;4700001076;00040;0002;2025-05-20;436.574;218.427
300;4700001154;00020;0001;2025-03-15;198.384;198.384
300;4700001104;00030;0001;2025-09-14;92.503;92.503
300;4700001133;00010;0001;2025-09-08;358.687;358.687
300;4700001095;00010;0001;2025-08-07;213.932;213.932
300;4700001069;00020;0001;2026-06-01;811.000;908.864
300;4700001135;00010;0002;2025-03-05;31.726;31.726
300;4700001071;00020;0001;2025-10-02;4.816;4.816
300;4700001116;00030;0002;2025-08-11;31.203;31.203
300;4700001059;00020;0001;2025-03-07;851.000;851.000
300;4700001016;00010;0001;2026-05-14;120.672;136.393
300;4700001128;00020;0002;2026-07-29;197.632;197.632
300;4700001086;00010;0002;2026-07-20;121.283;121.283
300;4700001147;00020;0001;2026-07-06;408.000;408.000
300;4700001195;00020;0001;2025-08-26;31.000;31.000
300;4700001043;00010;0002;2026-03-29;1.997;1.997
300;4700001105;00010;0002;2025-12-24;454.217;454.217
300;4700001154;00020;0003;2025-04-12;106.352;121.628
300;4700001124;00040;0001;2025-05-16;290.770;290.770
300;4700001061;00020;0001;2025-02-22;517.478;517.478
300;4700001058;00010;0001;2026-03-16;107.890;107.890
300;4700001001;00020;0003;2025-12-14;216.670;216.670
300;4700001058;00030;0001;2026-03-09;51.987;51.987
300;4700001164;00020;0003;2026-05-19;0.329;0.329
300;4700001077;00020;0002;2025-03-13;27.002;27.002
300;4700001047;00030;0002;2025-12-05;435.345;308.039
300;4700001110;00020;0003;2026-04-02;289.696;289.696
300;4700001093;00020;0001;2026-04-21;657.000;657.000
300;4700001003;00010;0001;2025-03-21;21.390;21.390
300;4700001091;00020;0001;2025-11-23;64.000;64.000
300;4700001020;00030;0001;2026-05-26;36.385;36.385
300;4700001133;00010;0002;2025-09-27;131.714;131.714
300;4700001105;00020;0001;2025-12-30;112.000;112.000
300;4700001098;00010;0001;2026-04-16;59.000;59.000
300;4700001038;00020;0001;2026-01-16;546.000;546.000
300;4700001115;00030;0001;2026-03-11;830.000;830.000
300;4700001106;00010;0001;2025-04-12;739.000;739.000
300;4700001084;00020;0002;2025-12-15;18.344;18.344
300;4700001206;00020;0002;2026-03-15;42.259;39.508
300;4700001080;00010;0001;2025-08-14;208.000;208.000
300;4700001051;00020;0001;2025-08-28;383.000;383.000
300;4700001210;00010;0002;2025-05-13;618.247;618.247
300;4700001030;00010;0001;2025-07-06;58.317;58.317
300;4700001122;00020;0001;2025-04-28;168.000;168.000
300;4700001040;00010;0001;2026-04-11;12.023;12.023
300;4700001021;00010;0001;2026-02-08;684.000;684.000
300;4700001122;00010;0001;2025-05-11;117.147;117.147
300;4700001115;00040;0003;2026-04-01;158.872;158.872
300;4700001154;00020;0002;2025-03-26;146.264;146.264
300;4700001064;00020;0002;2025-04-20;60.191;60.191
300;4700001059;00010;0002;2025-03-09;9.498;9.498
300;4700001047;00010;0001;2025-11-28;41.597;0.000
300;4700001020;00020;0001;2026-05-06;152.782;152.782
300;4700001006;00010;0002;2025-06-07;20.015;20.015
300;4700001120;00010;0001;2026-01-04;67.000;73.995
300;4700001062;00030;0002;2025-09-17;126.137;126.137
300;4700001135;00010;0001;2025-02-18;103.274;103.274
300;4700001052;00010;0003;2025-08-27;17.109;17.109
300;4700001201;00010;0001;2025-11-27;62.570;62.570
300;4700001160;00030;0001;2026-03-22;475.540;417.838
300;4700001082;00010;0002;2026-02-21;65.483;65.483
300;4700001032;00020;0001;2026-01-12;158.195;158.195
300;4700001184;00020;0003;2025-11-19;20.419;20.419
300;4700001116;00030;0001;2025-07-29;11.797;9.972
300;4700001134;00010;0002;2026-05-16;220.219;0.000
300;4700001018;00040;0001;2026-06-07;66.635;66.635
300;4700001150;00010;0001;2026-06-19;198.000;198.000
300;4700001020;00030;0002;2026-06-04;82.615;82.615
300;4700001110;00010;0002;2026-03-09;307.997;307.997
300;4700001156;00010;0001;2026-01-11;106.472;106.472
300;4700001010;00020;0003;2025-07-10;67.657;45.427
300;4700001125;00010;0002;2026-06-27;209.358;209.358
300;4700001174;00010;0001;2025-05-01;13.546;13.546
300;4700001144;00040;0001;2025-11-24;32.000;32.000
300;4700001062;00010;0001;2025-08-22;18.936;0.000
300;4700001127;00010;0002;2026-06-06;19.677;19.677
300;4700001013;00020;0001;2025-09-07;93.408;93.408
300;4700001141;00020;0002;2026-06-14;1006.681;1006.681
300;4700001031;00030;0002;2026-06-14;145.859;145.859
300;4700001134;00010;0001;2026-04-26;114.290;114.290
300;4700001140;00030;0002;2026-04-28;13.331;13.331
300;4700001100;00030;0001;2025-03-21;316.176;316.176
300;4700001155;00020;0003;2025-11-10;236.826;236.826
300;4700001015;00010;0002;2025-05-13;76.900;79.984
300;4700001027;00030;0001;2025-10-09;78.798;78.798
300;4700001198;00010;0002;2025-09-07;156.269;156.269
300;4700001204;00010;0001;2025-06-13;277.378;277.378
300;4700001050;00020;0002;2025-08-04;409.195;0.000
300;4700001069;00010;0001;2026-06-08;86.491;86.491
300;4700001144;00030;0002;2025-12-18;230.156;230.156
300;4700001208;00040;0001;2026-08-03;160.287;160.287
300;4700001204;00020;0002;2025-06-16;275.296;275.296
300;4700001190;00030;0003;2026-07-02;261.116;163.674
300;4700001074;00010;0001;2026-06-11;457.391;0.000
300;4700001016;00010;0002;2026-06-08;285.328;285.328
300;4700001129;00010;0001;2026-03-20;84.945;84.945
300;4700001141;00020;0001;2026-05-24;0.319;0.319
300;4700001156;00010;0002;2026-01-29;407.528;407.528
300;4700001163;00010;0001;2025-02-17;118.954;118.954
300;4700001097;00040;0002;2026-01-13;102.097;0.000
300;4700001193;00030;0001;2026-05-09;171.849;135.699
300;4700001088;00010;0002;2025-03-16;63.697;63.697
300;4700001089;00010;0003;2026-08-30;1.782;0.000
300;4700001169;00010;0001;2025-03-05;666.000;666.000
300;4700001062;00020;0002;2025-09-24;300.168;300.168
300;4700001049;00030;0002;2026-04-14;19.979;19.979
300;4700001011;00010;0003;2025-08-12;9.049;9.049
300;4700001083;00010;0002;2025-11-14;7.567;7.567
300;4700001100;00010;0002;2025-03-14;280.138;280.138
300;4700001173;00030;0001;2025-03-21;664.000;664.000
300;4700001116;00010;0001;2025-08-01;558.000;558.000
300;4700001198;00030;0001;2025-09-05;737.000;737.000
300;4700001010;00020;0001;2025-05-25;266.063;266.063
300;4700001082;00030;0001;2026-01-28;358.000;358.000
300;4700001176;00020;0001;2025-12-27;195.000;195.000
300;4700001055;00020;0001;2025-11-20;521.350;395.209
300;4700001195;00030;0002;2025-09-15;73.665;73.665
300;4700001063;00020;0001;2025-05-10;626.002;626.002
300;4700001082;00020;0002;2026-02-22;130.580;130.580
300;4700001130;00030;0001;2025-04-08;3.312;3.312
300;4700001036;00030;0001;2025-08-26;321.000;321.000
300;4700001195;00010;0001;2025-08-30;32.146;26.595
300;4700001032;00010;0002;2026-01-23;5.300;5.300
300;4700001099;00020;0001;2026-03-11;107.000;72.677
300;4700001188;00010;0001;2025-12-26;573.545;573.545
300;4700001141;00040;0001;2026-05-02;78.515;78.515
300;4700001067;00030;0001;2025-08-21;171.000;171.000
300;4700001187;00010;0001;2025-02-10;720.000;720.000
300;4700001036;00040;0001;2025-09-07;44.418;44.418
300;4700001140;00010;0001;2026-04-19;17.034;17.034
300;4700001129;00010;0003;2026-04-13;17.178;17.178
300;4700001128;00010;0001;2026-08-05;247.910;247.910
300;4700001200;00040;0002;2025-09-03;453.755;453.755
300;4700001191;00010;0001;2025-02-13;50.588;50.588
300;4700001024;00010;0003;2026-07-19;6.288;6.288
300;4700001070;00030;0002;2025-08-18;108.385;108.385
300;4700001034;00010;0002;2025-11-05;53.788;53.788
300;4700001112;00020;0002;2025-09-16;232.314;232.314
300;4700001027;00010;0002;2025-10-26;7.693;5.643
300;4700001042;00010;0001;2026-03-22;255.781;255.781
300;4700001009;00020;0001;2025-04-01;187.000;187.000
300;4700001189;00010;0001;2025-08-20;611.000;611.000
300;4700001200;00030;0001;2025-08-02;214.337;0.000
300;4700001146;00010;0002;2026-04-23;243.790;179.939
300;4700001078;00010;0002;2026-02-03;14.059;16.019
300;4700001048;00010;0002;2025-12-25;484.826;484.826
300;4700001047;00010;0002;2025-12-25;146.403;146.403
300;4700001104;00010;0001;2025-09-17;586.000;586.000
300;4700001204;00020;0001;2025-06-04;109.704;109.704
300;4700001070;00020;0001;2025-08-01;55.505;55.505
300;4700001190;00030;0002;2026-06-06;202.383;202.383
300;4700001140;00020;0002;2026-05-28;39.596;39.596
300;4700001128;00020;0001;2026-07-21;122.983;70.702
300;4700001099;00030;0002;2026-04-10;10.784;7.600
300;4700001174;00010;0002;2025-05-20;6.454;6.454
300;4700001045;00010;0001;2026-01-01;350.000;350.000
300;4700001110;00020;0001;2026-02-19;370.787;370.787
300;4700001151;00030;0001;2026-02-19;239.000;0.000
300;4700001069;00010;0003;2026-07-04;137.781;137.781
300;4700001089;00010;0002;2026-08-20;3.951;3.951
300;4700001184;00020;0001;2025-10-30;77.505;0.000
300;4700001203;00030;0003;2025-05-12;68.619;56.252
300;4700001134;00030;0001;2026-05-01;199.000;153.180
300;4700001057;00010;0003;2026-06-29;243.211;243.211
300;4700001077;00020;0001;2025-02-28;312.998;312.998
300;4700001163;00010;0002;2025-03-11;27.046;27.046
300;4700001062;00030;0001;2025-09-02;323.863;323.863
300;4700001035;00020;0001;2026-05-08;117.005;117.005
300;4700001159;00010;0002;2025-07-21;304.527;304.527
300;4700001026;00020;0001;2026-04-22;598.000;598.000
300;4700001202;00010;0002;2025-08-18;129.282;129.282
300;4700001107;00040;0001;2026-04-24;25.000;25.000
300;4700001007;00020;0002;2026-07-22;128.353;128.353
300;4700001036;00010;0001;2025-09-06;342.000;302.124
300;4700001186;00010;0002;2026-01-02;194.384;194.384
300;4700001124;00030;0002;2025-05-21;401.510;401.510
300;4700001083;00030;0002;2025-11-12;28.585;28.585
300;4700001155;00020;0002;2025-10-23;137.989;137.989
300;4700001208;00010;0001;2026-07-11;727.000;727.000
300;4700001129;00020;0001;2026-03-26;888.000;888.000
300;4700001137;00010;0001;2026-01-11;318.401;246.918
300;4700001070;00010;0002;2025-08-17;350.135;350.135
300;4700001152;00010;0003;2026-02-11;365.464;365.464
300;4700001039;00010;0001;2025-09-03;92.338;0.000
300;4700001198;00020;0003;2025-09-29;16.328;18.286
300;4700001074;00020;0002;2026-07-09;138.875;138.875
300;4700001015;00010;0003;2025-06-05;119.109;101.442
300;4700001130;00010;0002;2025-04-20;321.792;321.792
300;4700001137;00010;0002;2026-02-01;399.599;399.599
300;4700001087;00020;0001;2026-05-13;143.000;0.000
300;4700001172;00010;0001;2026-06-02;277.001;277.001
300;4700001064;00010;0003;2025-05-24;560.581;560.581
300;4700001167;00010;0001;2025-10-01;562.000;562.000
300;4700001143;00010;0002;2025-11-07;21.119;16.767
300;4700001205;00010;0003;2025-12-09;61.467;61.467
300;4700001154;00010;0003;2025-04-19;167.092;167.092
300;4700001147;00030;0002;2026-07-14;75.895;75.895
300;4700001127;00040;0001;2026-05-21;741.000;741.000
300;4700001085;00020;0001;2026-05-26;323.000;323.000
300;4700001004;00010;0001;2026-05-13;653.000;653.000
300;4700001071;00020;0002;2025-10-24;47.184;47.184
300;4700001193;00020;0001;2026-05-23;90.850;90.850
300;4700001176;00030;0002;2026-01-07;197.857;176.277
300;4700001108;00030;0001;2025-08-06;127.400;133.482
300;4700001103;00010;0001;2025-06-15;52.000;52.000
300;4700001108;00010;0002;2025-09-03;10.083;0.000
300;4700001176;00040;0003;2026-01-03;199.726;0.000
300;4700001010;00010;0002;2025-06-02;146.834;162.029
300;4700001136;00040;0003;2026-05-10;140.851;140.851
300;4700001151;00010;0002;2026-01-29;107.310;107.310
300;4700001194;00010;0002;2026-08-10;141.385;127.109
300;4700001178;00020;0002;2025-04-22;22.310;22.310
300;4700001013;00030;0001;2025-09-20;24.000;0.000
300;4700001056;00010;0001;2025-04-15;176.000;176.000
300;4700001130;00040;0001;2025-03-22;279.000;279.000
300;4700001020;00040;0001;2026-05-16;439.645;439.645
300;4700001064;00020;0001;2025-03-24;368.809;368.809
300;4700001056;00030;0001;2025-04-16;608.000;608.000
300;4700001062;00020;0001;2025-09-12;321.832;321.832
300;4700001103;00020;0001;2025-06-22;527.000;527.000
300;4700001189;00020;0001;2025-08-09;56.407;56.407
300;4700001188;00030;0002;2025-12-30;198.204;198.204
300;4700001163;00030;0001;2025-02-18;49.000;0.000
300;4700001142;00010;0001;2026-05-14;199.993;199.993
300;4700001188;00030;0001;2025-12-04;303.796;303.796
300;4700001024;00010;0001;2026-06-05;20.621;20.621
300;4700001108;00020;0001;2025-08-18;32.237;32.237
300;4700001210;00020;0001;2025-04-15;247.645;247.645
300;4700001050;00020;0003;2025-08-18;222.596;0.000
300;4700001092;00010;0001;2025-05-09;543.525;543.525
300;4700001126;00010;0001;2025-05-17;116.000;76.418
300;4700001085;00010;0001;2026-05-13;-549.000;549.000
300;4700001008;00020;0002;2025-07-27;116.221;116.221
300;4700001092;00010;0002;2025-05-29;46.372;34.045
300;4700001195;00010;0002;2025-09-09;613.458;406.279
300;4700001114;00010;0002;2026-07-16;391.138;391.138
300;4700001007;00010;0001;2026-07-22;191.000;191.000
300;4700001130;00030;0003;2025-05-13;10.014;10.014
300;4700001135;00020;0002;2025-02-18;13.106;13.106
300;4700001194;00020;0001;2026-07-13;164.000;164.000
300;4700001027;00010;0001;2025-10-17;19.307;19.307
300;4700001046;00010;0002;2026-02-07;177.974;177.974
300;4700001063;00030;0002;2025-05-31;248.939;248.939
300;4700001052;00010;0002;2025-08-09;72.188;72.188
300;4700001100;00020;0001;2025-03-31;1126.000;1022.574
300;4700001072;00010;0003;2025-11-08;6.289;6.289
300;4700001176;00040;0002;2025-12-18;365.645;0.000
300;4700001118;00010;0003;2026-07-03;9.067;9.067
300;4700001048;00020;0002;2025-12-22;218.961;187.286
300;4700001109;00020;0001;2025-10-14;9.000;9.618
300;4700001102;00010;0001;2025-07-03;328.802;328.802
300;4700001133;00010;0003;2025-10-08;255.599;255.599
300;4700001154;00030;0003;2025-04-11;262.608;262.608
300;4700001089;00020;0002;2026-08-12;265.696;265.696
300;4700001202;00020;0001;2025-06-26;173.073;0.000
300;4700001147;00030;0001;2026-06-28;373.657;373.657
300;4700001154;00040;0002;2025-03-13;322.366;262.720
300;4700001043;00020;0001;2026-03-29;417.000;358.727
300;4700001179;00020;0001;2025-11-09;874.000;874.000
300;4700001090;00010;0003;2026-01-29;133.462;133.462
300;4700001051;00090;0001;2025-08-17;339.000;339.000
300;4700001115;00010;0001;2026-02-25;151.849;0.000
300;4700001173;00020;0001;2025-03-05;257.397;257.397
300;4700001089;00010;0001;2026-07-23;3.267;3.267
300;4700001172;00010;0002;2026-06-26;116.999;116.999
300;4700001031;00030;0001;2026-05-28;78.141;54.485
300;4700001049;00010;0001;2026-04-02;319.000;217.200
300;4700001020;00020;0002;2026-06-02;624.218;624.218
300;4700001090;00010;0001;2025-12-22;860.000;860.000
300;4700001011;00010;0001;2025-07-03;557.010;557.010
300;4700001091;00010;0002;2025-12-14;137.321;137.321
300;4700001107;00020;0001;2026-04-10;893.000;893.000
300;4700001076;00010;0001;2025-05-18;24.956;0.000
300;4700001087;00030;0001;2026-05-27;302.557;302.557
300;4700001146;00010;0001;2026-04-14;197.210;197.210
300;4700001200;00010;0001;2025-08-22;77.000;77.000
300;4700001018;00010;0001;2026-07-09;224.000;224.000
300;4700001202;00020;0002;2025-07-11;90.927;90.927
300;4700001075;00010;0002;2025-12-04;59.267;59.267
300;4700001205;00010;0001;2025-11-10;190.879;190.879
300;4700001089;00020;0001;2026-07-18;433.304;353.186
300;4700001081;00020;0001;2025-10-19;202.106;202.106
300;4700001070;00010;0001;2025-08-03;27.865;27.865
300;4700001049;00030;0003;2026-05-07;5.794;5.794
300;4700001198;00020;0002;2025-09-08;2.305;2.305
300;4700001203;00020;0002;2025-04-28;19.760;16.956
300;4700001055;00020;0002;2025-11-28;256.650;256.650
300;4700001130;00020;0002;2025-03-19;312.202;0.000
300;4700001017;00010;0001;2026-03-09;129.000;0.000
300;4700001054;00030;0001;2025-02-15;625.000;625.000
300;4700001043;00040;0001;2026-03-24;192.000;192.000
300;4700001152;00010;0001;2025-12-30;57.434;57.434
300;4700001076;00030;0001;2025-04-26;67.000;67.000
300;4700001006;00010;0001;2025-05-13;39.985;39.985
300;4700001095;00030;0001;2025-07-26;128.000;128.000
300;4700001137;00020;0003;2026-03-10;158.320;125.253
300;4700001037;00010;0002;2026-02-07;13.373;13.373
300;4700001141;00010;0001;2026-05-27;33.323;33.323
300;4700001134;00020;0001;2026-05-25;482.811;0.000
300;4700001047;00040;0001;2025-12-03;170.107;102.243
300;4700001060;00030;0001;2026-01-07;9.004;9.004
300;4700001149;00010;0003;2025-07-28;7.221;7.221
300;4700001108;00010;0001;2025-08-12;521.917;521.917
300;4700001131;00020;0001;2026-01-07;206.000;206.000
300;4700001207;00010;0001;2025-06-21;507.000;507.000
300;4700001140;00020;0003;2026-06-04;78.563;78.563
300;4700001203;00020;0001;2025-04-16;16.240;0.000
300;4700001063;00010;0001;2025-05-19;1183.000;1183.000
300;4700001135;00020;0003;2025-02-28;229.853;229.853
300;4700001035;00010;0002;2026-05-10;149.064;149.064
300;4700001145;00010;0001;2025-10-20;482.000;0.000
300;4700001171;00010;0001;2025-07-03;40.548;40.548
300;4700001186;00020;0001;2026-01-06;568.000;568.000
300;4700001076;00010;0002;2025-06-12;59.044;32.572
300;4700001173;00010;0001;2025-03-25;142.774;142.774
300;4700001154;00030;0002;2025-03-20;137.942;137.942
300;4700001160;00030;0002;2026-03-29;615.460;615.460
300;4700001115;00040;0001;2026-03-02;122.037;122.037
300;4700001065;00010;0003;2025-05-22;100.606;100.606
300;4700001074;00010;0002;2026-06-27;235.609;235.609
300;4700001070;00040;0003;2025-10-07;200.519;200.519
300;4700001108;00040;0003;2025-10-08;56.127;56.127
300;4700001188;00020;0001;2025-12-23;1089.000;0.000
300;4700001013;00020;0002;2025-09-17;12.592;12.592
300;4700001144;00030;0001;2025-12-02;8.844;8.844
300;4700001121;00010;0001;2025-11-03;1073.000;1073.000
300;4700001012;00020;0002;2026-07-20;469.615;469.615
300;4700001208;00030;0003;2026-09-06;137.697;137.697
300;4700001135;00020;0001;2025-01-29;18.041;19.002
300;4700001166;00010;0001;2025-07-18;54.953;43.062
300;4700001049;00020;0002;2026-03-20;352.886;352.886
300;4700001168;00010;0001;2026-04-05;590.000;590.000
300;4700001095;00020;0001;2025-08-07;197.988;197.988
300;4700001117;00010;0001;2025-03-11;1091.864;0.000
300;4700001160;00020;0001;2026-03-09;289.550;289.550
300;4700001119;00020;0001;2026-03-27;741.000;741.000
300;4700001186;00030;0001;2026-01-12;119.795;119.795
300;4700001133;00020;0003;2025-11-04;37.758;37.758
300;4700001099;00010;0001;2026-03-08;555.000;361.360
300;4700001004;00020;0001;2026-06-01;145.210;145.210
300;4700001131;00010;0002;2026-02-27;8.053;8.053
300;4700001123;00010;0002;2026-08-06;-82.243;82.243
300;4700001170;00010;0001;2025-09-06;36.000;36.000
300;4700001154;00040;0001;2025-02-25;15.634;15.634
300;4700001089;00030;0002;2026-08-10;40.941;40.941
300;4700001159;00010;0001;2025-07-05;283.473;283.473
300;4700001199;00010;0002;2025-05-19;212.381;212.381
300;4700001189;00020;0003;2025-09-17;214.622;214.622
300;4700001001;00010;0001;2025-10-25;381.000;381.000
300;4700001037;00010;0003;2026-02-16;18.547;18.547
300;4700001204;00010;0002;2025-07-07;302.622;302.622
300;4700001190;00020;0001;2026-05-05;61.000;65.441
300;4700001053;00010;0001;2025-03-27;621.000;621.000
300;4700001173;00010;0002;2025-04-09;178.226;178.226
300;4700001193;00020;0002;2026-06-06;30.150;30.150
300;4700001061;00020;0002;2025-03-15;85.522;85.522
300;4700001069;00010;0002;2026-06-18;125.728;125.728
300;4700001060;00010;0001;2026-01-04;438.000;438.000
300;4700001026;00010;0001;2026-04-08;740.000;740.000
300;4700001080;00090;0001;2025-08-15;71.589;71.589
300;4700001028;00010;0001;2025-08-31;170.178;170.178
300;4700001110;00010;0001;2026-02-19;366.003;366.003
300;4700001081;00010;0002;2025-11-16;365.145;365.145
300;4700001123;00010;0001;2026-07-22;69.757;69.757
300;4700001041;00020;0001;2025-05-24;55.625;46.403
300;4700001001;00020;0001;2025-11-05;359.708;359.708
300;4700001047;00030;0001;2025-11-23;358.927;242.733
300;4700001004;00020;0002;2026-06-22;17.790;17.790
300;4700001029;00020;0001;2025-07-22;679.000;380.420
300;4700001130;00020;0003;2025-04-12;116.230;0.000
300;4700001109;00010;0001;2025-09-20;564.000;564.000
300;4700001031;00040;0001;2026-06-07;56.044;35.310
300;4700001097;00040;0001;2026-01-05;63.903;0.000
300;4700001127;00010;0001;2026-05-11;15.323;15.323
300;4700001126;00030;0003;2025-06-07;475.882;321.459
300;4700001106;00020;0001;2025-04-04;761.000;761.000
300;4700001028;00030;0001;2025-09-02;597.000;597.000
300;4700001193;00030;0002;2026-05-24;128.151;128.151
300;4700001077;00010;0001;2025-04-02;162.000;162.000
300;4700001057;00020;0002;2026-06-05;297.881;297.881
300;4700001108;00040;0002;2025-09-14;50.405;50.405
300;4700001131;00010;0003;2026-03-25;22.283;22.283
300;4700001168;00020;0001;2026-04-06;564.664;564.664
300;4700001175;00010;0001;2025-06-15;64.510;39.104
300;4700001160;00010;0003;2026-04-07;107.720;107.720
300;4700001087;00030;0002;2026-06-16;164.443;164.443
300;4700001071;00010;0001;2025-09-17;1042.000;1042.000
300;4700001036;00040;0002;2025-09-30;100.559;100.559
300;4700001113;00020;0001;2025-09-15;811.000;811.000
300;4700001070;00030;0001;2025-08-02;97.615;106.927
300;4700001018;00030;0001;2026-06-28;322.545;322.545
300;4700001202;00030;0003;2025-08-06;14.546;14.546
300;4700001124;00020;0001;2025-05-04;948.000;948.000
300;4700001164;00020;0002;2026-05-01;8.284;6.829
300;4700001128;00020;0003;2026-08-24;87.385;87.385
300;4700001197;00020;0001;2025-10-05;177.000;177.000
300;4700001067;00020;0002;2025-09-15;512.420;512.420
300;4700001141;00040;0002;2026-05-20;95.485;74.485
300;4700001161;00010;0001;2025-07-07;102.854;0.000
300;4700001005;00010;0001;2025-10-04;308.000;269.746
300;4700001120;00030;0001;2026-01-08;232.000;232.000
300;4700001023;00020;0001;2025-02-21;711.000;711.000
300;4700001107;00030;0001;2026-04-18;104.000;69.685
300;4700001172;00020;0002;2026-06-26;434.493;434.493
300;4700001210;00020;0002;2025-04-30;437.355;437.355
300;4700001157;00010;0001;2025-09-02;38.519;0.000
300;4700001084;00010;0001;2025-11-29;13.000;13.000
300;4700001028;00010;0002;2025-09-18;289.822;0.000
300;4700001150;00030;0002;2026-07-03;262.107;262.107
300;4700001203;00030;0002;2025-04-25;258.644;258.644
300;4700001149;00010;0001;2025-06-19;30.360;30.360
300;4700001067;00020;0001;2025-08-22;407.580;407.580
300;4700001083;00030;0003;2025-11-20;50.199;50.199
300;4700001119;00010;0001;2026-03-17;138.298;138.298
300;4700001177;00020;0001;2026-04-11;4.705;4.705
300;4700001014;00020;0002;2026-06-28;40.287;40.287
300;4700001082;00020;0001;2026-02-13;137.420;137.420
300;4700001163;00020;0001;2025-03-12;789.000;789.000
300;4700001111;00010;0003;2025-08-26;176.968;176.968
300;4700001199;00020;0002;2025-06-02;263.581;263.581
300;4700001080;00020;0001;2025-08-29;197.208;197.208
300;4700001052;00020;0002;2025-08-29;266.959;266.959
300;4700001191;00010;0002;2025-03-10;46.412;46.412
300;4700001089;00030;0001;2026-07-25;4.059;4.059
300;4700001070;00040;0002;2025-09-22;246.823;246.823
300;4700001205;00010;0002;2025-11-20;124.654;124.654
300;4700001063;00090;0001;2025-05-10;626.002;626.002
300;4700001059;00010;0001;2025-02-24;246.502;0.000
300;4700001188;00010;0002;2026-01-23;355.455;355.455
300;4700001166;00020;0001;2025-08-10;165.000;114.941
300;4700001147;00010;0001;2026-06-27;56.000;56.000
300;4700001151;00040;0001;2026-02-14;237.646;267.940
300;4700001136;00030;0001;2026-03-10;882.000;882.000
300;4700001086;00010;0003;2026-08-03;52.703;52.703
300;4700001057;00010;0001;2026-05-29;293.146;268.472
300;4700001113;00010;0002;2025-10-26;9.921;9.921
300;4700001063;00040;0001;2025-05-16;355.000;355.000
300;4700001041;00020;0002;2025-06-02;142.375;142.375
300;4700001155;00020;0001;2025-09-27;279.185;279.185
300;4700001082;00010;0001;2026-02-02;645.517;645.517
300;4700001208;00040;0002;2026-08-12;79.713;79.713
300;4700001013;00010;0002;2025-10-15;15.014;15.014
300;4700001076;00040;0003;2025-05-30;126.758;126.758
300;4700001056;00020;0001;2025-04-22;379.133;379.133
300;4700001161;00010;0002;2025-07-14;353.146;0.000
300;4700001049;00020;0001;2026-03-02;208.114;208.114
300;4700001027;00040;0003;2025-12-06;7.043;7.043
300;4700001177;00020;0002;2026-04-26;20.295;20.295
300;4700001176;00010;0001;2026-01-01;288.105;288.105
300;4700001130;00030;0002;2025-05-03;32.674;32.674
300;4700001058;00040;0001;2026-03-13;66.873;66.873
300;4700001063;00030;0001;2025-05-13;549.061;549.061
300;4700001054;00020;0001;2025-02-09;326.089;326.089
300;4700001124;00040;0002;2025-05-29;145.776;145.776
300;4700001010;00010;0001;2025-05-18;62.166;62.166
300;4700001160;00010;0001;2026-03-04;101.789;101.789
300;4700001001;00020;0002;2025-12-03;177.622;177.622
300;4700001166;00010;0003;2025-08-27;42.840;28.279
300;4700001007;00020;0001;2026-07-01;119.330;119.330
300;4700001202;00030;0002;2025-07-18;137.354;137.354
300;4700001158;00010;0002;2026-02-04;103.707;103.707
300;4700001150;00020;0001;2026-06-15;439.000;439.000
300;4700001008;00020;0001;2025-06-29;240.779;240.779
300;4700001156;00030;0002;2026-02-11;150.859;150.859
300;4700001183;00010;0002;2025-03-23;102.458;102.458
300;4700001093;00010;0001;2026-04-28;62.100;62.100
300;4700001048;00020;0001;2025-11-29;78.039;0.000
300;4700001065;00010;0002;2025-04-30;694.437;694.437
300;4700001127;00030;0001;2026-05-19;576.000;501.907
300;4700001035;00020;0003;2026-06-20;257.564;257.564
300;4700001151;00020;0001;2026-02-10;40.739;40.739
300;4700001024;00010;0002;2026-06-25;75.091;75.091
300;4700001190;00030;0001;2026-05-21;113.501;113.501
300;4700001058;00020;0003;2026-05-09;361.833;361.833
300;4700001008;00010;0001;2025-06-10;56.000;56.000
300;4700001083;00030;0001;2025-10-25;85.216;85.216
300;4700001173;00020;0002;2025-03-29;181.603;154.598
300;4700001154;00010;0001;2025-03-26;119.824;119.824
300;4700001102;00010;0003;2025-08-12;390.120;390.120
300;4700001152;00030;0003;2026-02-19;5.283;5.283
300;4700001086;00010;0001;2026-06-26;392.014;392.014
300;4700001028;00020;0002;2025-08-23;95.055;95.055
300;4700001108;00030;0002;2025-08-16;301.098;301.098
300;4700001193;00010;0001;2026-06-12;737.000;737.000
300;4700001058;00010;0002;2026-03-30;88.593;88.593
300;4700001080;00030;0002;2025-09-03;8.658;8.658
300;4700001142;00010;0002;2026-06-08;351.007;351.007
300;4700001097;00010;0001;2026-01-24;887.000;887.000
300;4700001126;00020;0002;2025-06-15;152.260;152.260
300;4700001150;00030;0001;2026-06-26;92.431;92.431
300;4700001110;00020;0002;2026-03-07;415.517;415.517
300;4700001013;00010;0001;2025-09-21;30.986;30.986
300;4700001156;00020;0001;2026-01-06;305.000;305.000
300;4700001117;00010;0002;2025-04-01;29.136;29.136
300;4700001144;00010;0001;2025-12-04;228.000;228.000
300;4700001114;00010;0001;2026-07-03;251.862;251.862
300;4700001191;00020;0001;2025-02-15;46.000;46.000
300;4700001141;00030;0002;2026-05-24;61.870;61.870
300;4700001111;00010;0001;2025-07-14;139.688;139.688
300;4700001065;00010;0001;2025-04-02;130.957;130.957
300;4700001072;00010;0002;2025-10-21;11.349;11.349
300;4700001160;00020;0002;2026-03-19;296.450;296.450
300;4700001154;00010;0002;2025-04-11;348.084;348.084
300;4700001125;00010;0001;2026-06-20;199.642;199.642
300;4700001138;00010;0002;2025-09-03;271.398;271.398
300;4700001006;00020;0002;2025-06-12;143.987;128.489
300;4700001035;00010;0001;2026-04-25;100.936;100.936
300;4700001036;00020;0001;2025-09-03;363.000;363.000
300;4700001020;00040;0002;2026-06-02;238.355;238.355
300;4700001183;00020;0001;2025-02-24;340.000;340.000
300;4700001095;00020;0002;2025-09-02;164.012;164.012
300;4700001113;00010;0001;2025-10-05;15.079;16.430
300;4700001158;00010;0001;2026-01-10;105.293;107.808
300;4700001203;00010;0001;2025-04-11;100.683;78.812
300;4700001012;00010;0002;2026-06-27;114.675;114.675
300;4700001164;00030;0002;2026-05-11;21.184;21.184
300;4700001112;00020;0001;2025-08-20;649.686;649.686
300;4700001083;00020;0001;2025-10-12;443.000;0.000
300;4700001080;00030;0001;2025-08-22;53.450;53.450
300;4700001153;00010;0001;2025-05-16;11.482;11.482
300;4700001075;00010;0001;2025-11-08;379.995;379.995
300;4700001137;00020;0002;2026-02-22;68.705;47.596
300;4700001164;00010;0001;2026-05-01;58.000;0.000
300;4700001140;00010;0002;2026-05-07;19.966;17.482
300;4700001175;00010;0002;2025-07-12;57.490;57.490
300;4700001139;00010;0001;2025-12-23;20.000;20.000
300;4700001101;00010;0001;2026-07-22;223.000;223.000
300;4700001032;00020;0002;2026-01-25;233.805;233.805
300;4700001176;00040;0001;2025-12-11;82.629;0.000
300;4700001014;00010;0001;2026-06-05;49.000;49.000
300;4700001130;00020;0001;2025-03-11;304.568;0.000
300;4700001151;00040;0002;2026-03-07;1.102;1.102
300;4700001068;00020;0002;2025-08-02;129.441;91.311
300;4700001081;00030;0001;2025-10-29;647.000;647.000
300;4700001107;00010;0001;2026-04-23;730.000;0.000
300;4700001176;00030;0001;2025-12-20;210.143;210.143
300;4700001031;00040;0002;2026-06-16;46.956;34.817
300;4700001177;00010;0001;2026-04-11;998.000;998.000
300;4700001141;00030;0001;2026-05-12;570.130;570.130
300;4700001140;00030;0001;2026-04-20;2.669;2.669
300;4700001043;00010;0001;2026-03-11;3.003;3.003
300;4700001097;00020;0002;2026-02-20;122.408;92.484
300;4700001007;00020;0003;2026-08-06;140.317;140.317
300;4700001010;00020;0002;2025-06-13;236.280;236.280
300;4700001084;00020;0001;2025-11-30;56.656;56.656
300;4700001094;00010;0001;2026-03-18;110.000;110.000
300;4700001018;00020;0002;2026-07-08;217.869;182.910
300;4700001044;00010;0001;2025-09-20;393.000;393.000
300;4700001186;00030;0002;2026-02-08;108.205;90.726
300;4700001064;00010;0002;2025-05-02;85.176;85.176
300;4700001136;00010;0001;2026-03-28;21.000;21.000
300;4700001096;00020;0001;2026-01-15;51.000;51.000
300;4700001050;00010;0002;2025-08-07;30.605;30.605
