MANDT;EBELN;BUKRS;BSTYP;BSART;LIFNR;EKORG;EKGRP;WAERS;BEDAT;AEDAT;ERNAM
300;4700001001;2000;F;NB;0000200006;2000;B03;EUR;2025-09-23;2025-09-23;AKOCH
300;4700001002;2000;F;NB;0000200006;2000;B03;EUR;2026-03-17;2026-03-17;SMEYER
300;4700001003;2000;F;NB;0000200004;2000;B03;EUR;2025-03-06;2025-03-06;SMEYER
300;4700001004;2000;F;NB;0000200009;2000;B04;EUR;2026-04-20;2026-04-20;PWOLTER
300;4700001005;2000;F;NB;0000200008;2000;B01;EUR;2025-08-25;2025-08-25;AKOCH
300;4700001006;2000;F;NB;0000200002;2000;B04;EUR;2025-05-02;2025-05-02;SMEYER
300;4700001007;2000;F;NB;0000200003;2000;B03;EUR;2026-06-17;2026-06-17;PWOLTER
300;4700001008;2000;F;NB;0000200009;2000;B03;EUR;2025-05-23;2025-05-23;LHANSEN
300;4700001009;2000;F;NB;0000200015;2000;B02;EUR;2025-03-20;2025-03-20;AKOCH
300;4700001010;2000;F;NB;0000200009;2000;B02;EUR;2025-05-08;2025-05-08;AKOCH
300;4700001011;2000;F;NB;0000200015;2000;B02;EUR;2025-06-09;2025-06-09;LHANSEN
300;4700001012;2000;F;NB;0000200010;2000;B04;EUR;2026-05-14;2026-05-14;SMEYER
300;4700001013;2000;F;NB;0000200013;2000;B03;EUR;2025-08-08;2025-08-08;LHANSEN
300;4700001014;2000;F;NB;0000200013;2000;B04;EUR;2026-05-02;2026-05-02;SMEYER
300;4700001015;2000;F;NB;0000200009;2000;B03;EUR;2025-04-05;2025-04-05;AKOCH
300;4700001016;2000;F;NB;0000200005;2000;B02;EUR;2026-04-30;2026-04-30;JKRUEGER
300;4700001017;2000;F;NB;0000200006;2000;B03;EUR;2026-02-06;2026-02-06;LHANSEN
300;4700001018;2000;F;NB;0000200002;2000;B03;EUR;2026-05-25;2026-05-25;PWOLTER
300;4700001019;2000;F;NB;0000200011;2000;B01;PLN;2026-03-22;2026-03-22;SMEYER
300;4700001020;2000;F;NB;0000200001;2000;B03;EUR;2026-04-11;2026-04-11;LHANSEN
300;4700001021;2000;F;NB;0000200005;2000;B02;EUR;2026-01-20;2026-01-20;AKOCH
300;4700001022;2000;F;NB;0000200012;2000;B03;DKK;2026-03-20;2026-03-20;PWOLTER
300;4700001023;2000;F;NB;0000200005;2000;B02;EUR;2025-02-03;2025-02-03;JKRUEGER
300;4700001024;2000;F;NB;0000200011;2000;B04;PLN;2026-05-15;2026-05-15;JKRUEGER
300;4700001025;2000;F;NB;0000200014;2000;B02;EUR;2026-01-30;2026-01-30;AKOCH
300;4700001026;2000;F;NB;0000200008;2000;B03;EUR;2026-03-15;2026-03-15;AKOCH
300;4700001027;2000;F;NB;0000200014;2000;B01;EUR;2025-09-27;2025-09-27;SMEYER
300;4700001028;2000;F;NB;0000200011;2000;B04;PLN;2025-07-20;2025-07-20;JKRUEGER
300;4700001029;2000;F;NB;0000200007;2000;B03;EUR;2025-06-29;2025-06-29;JKRUEGER
300;4700001030;2000;F;NB;0000200011;2000;B04;PLN;2025-06-22;2025-06-22;PWOLTER
300;4700001031;2000;F;NB;0000200007;2000;B01;EUR;2026-05-13;2026-05-13;AKOCH
300;4700001032;2000;F;NB;0000200011;2000;B01;PLN;2025-12-07;2025-12-07;LHANSEN
300;4700001033;2000;F;NB;0000200011;2000;B01;PLN;2025-08-31;2025-08-31;LHANSEN
300;4700001034;2000;F;NB;0000200008;2000;B04;EUR;2025-09-28;2025-09-28;SMEYER
300;4700001035;2000;F;NB;0000200002;2000;B01;EUR;2026-04-10;2026-04-10;JKRUEGER
300;4700001036;2000;F;NB;0000200004;2000;B04;EUR;2025-08-12;2025-08-12;JKRUEGER
300;4700001037;2000;F;NB;0000200004;2000;B04;EUR;2025-12-10;2025-12-10;PWOLTER
300;4700001038;2000;F;NB;0000200010;2000;B04;EUR;2025-12-06;2025-12-06;AKOCH
300;4700001039;2000;F;NB;0000200001;2000;B02;EUR;2025-08-05;2025-08-05;LHANSEN
300;4700001040;2000;F;NB;0000200011;2000;B03;PLN;2026-03-10;2026-03-10;SMEYER
300;4700001041;2000;F;NB;0000200001;2000;B02;EUR;2025-04-17;2025-04-17;PWOLTER
300;4700001042;2000;F;NB;0000200015;2000;B01;EUR;2026-02-19;2026-02-19;AKOCH
300;4700001043;2000;F;NB;0000200014;2000;B04;EUR;2026-02-28;2026-02-28;AKOCH
300;4700001044;2000;F;NB;0000200010;2000;B02;EUR;2025-08-30;2025-08-30;LHANSEN
300;4700001045;2000;F;NB;0000200004;2000;B02;EUR;2025-11-19;2025-11-19;JKRUEGER
300;4700001046;2000;F;NB;0000200003;2000;B02;EUR;2025-12-28;2025-12-28;PWOLTER
300;4700001047;2000;F;NB;0000200007;2000;B03;EUR;2025-10-29;2025-10-29;AKOCH
300;4700001048;2000;F;NB;0000200011;2000;B01;PLN;2025-11-16;2025-11-16;SMEYER
300;4700001049;2000;F;NB;0000200015;2000;B03;EUR;2026-02-20;2026-02-20;LHANSEN
300;4700001050;2000;F;NB;0000200009;2000;B03;EUR;2025-06-25;2025-06-25;LHANSEN
300;4700001051;2000;F;NB;0000200003;2000;B04;EUR;2025-07-20;2025-07-20;SMEYER
300;4700001052;2000;F;NB;0000200004;2000;B04;EUR;2025-06-23;2025-06-23;LHANSEN
300;4700001053;2000;F;NB;0000200009;2000;B01;EUR;2025-03-08;2025-03-08;PWOLTER
300;4700001054;2000;F;NB;0000200002;2000;B01;EUR;2025-01-23;2025-01-23;LHANSEN
300;4700001055;2000;F;NB;0000200006;2000;B01;EUR;2025-10-21;2025-10-21;LHANSEN
300;4700001056;2000;F;NB;0000200005;2000;B04;EUR;2025-03-22;2025-03-22;PWOLTER
300;4700001057;2000;F;NB;0000200014;2000;B02;EUR;2026-04-18;2026-04-18;PWOLTER
300;4700001058;2000;F;NB;0000200010;2000;B03;EUR;2026-02-21;2026-02-21;LHANSEN
300;4700001059;2000;F;NB;0000200012;2000;B02;DKK;2025-01-25;2025-01-25;JKRUEGER
300;4700001060;2000;F;NB;0000200009;2000;B02;EUR;2025-12-01;2025-12-01;AKOCH
300;4700001061;2000;F;NB;0000200010;2000;B02;EUR;2025-01-27;2025-01-27;PWOLTER
300;4700001062;2000;F;NB;0000200002;2000;B03;EUR;2025-08-10;2025-08-10;SMEYER
300;4700001063;2000;F;NB;0000200015;2000;B01;EUR;2025-04-10;2025-04-10;SMEYER
300;4700001064;2000;F;NB;0000200015;2000;B04;EUR;2025-03-07;2025-03-07;SMEYER
300;4700001065;2000;F;NB;0000200010;2000;B04;EUR;2025-03-21;2025-03-21;PWOLTER
300;4700001066;2000;F;NB;0000200015;2000;B02;EUR;2026-06-01;2026-06-01;JKRUEGER
300;4700001067;2000;F;NB;0000200003;2000;B03;EUR;2025-07-21;2025-07-21;JKRUEGER
300;4700001068;2000;F;NB;0000200007;2000;B02;EUR;2025-06-12;2025-06-12;AKOCH
300;4700001069;2000;F;NB;0000200011;2000;B04;PLN;2026-05-14;2026-05-14;LHANSEN
300;4700001070;2000;F;NB;0000200008;2000;B04;EUR;2025-07-18;2025-07-18;PWOLTER
300;4700001071;2000;F;NB;0000200006;2000;B04;EUR;2025-09-06;2025-09-06;LHANSEN
300;4700001072;2000;F;NB;0000200008;2000;B01;EUR;2025-08-11;2025-08-11;PWOLTER
300;4700001073;2000;F;NB;0000200007;2000;B02;EUR;2025-12-29;2025-12-29;JKRUEGER
300;4700001074;2000;F;NB;0000200015;2000;B04;EUR;2026-05-07;2026-05-07;AKOCH
300;4700001075;2000;F;NB;0000200014;2000;B04;EUR;2025-10-15;2025-10-15;PWOLTER
300;4700001076;2000;F;NB;0000200001;2000;B04;EUR;2025-04-04;2025-04-04;AKOCH
300;4700001077;2000;F;NB;0000200005;2000;B03;EUR;2025-02-17;2025-02-17;JKRUEGER
300;4700001078;2000;F;NB;0000200012;2000;B02;DKK;2025-12-16;2025-12-16;SMEYER
300;4700001079;2000;F;NB;0000200015;2000;B03;EUR;2025-02-11;2025-02-11;AKOCH
300;4700001080;2000;F;NB;0000200004;2000;B01;EUR;2025-07-17;2025-07-17;SMEYER
300;4700001081;2000;F;NB;0000200006;2000;B01;EUR;2025-10-08;2025-10-08;SMEYER
300;4700001082;2000;F;NB;0000200001;2000;B02;EUR;2026-01-04;2026-01-04;PWOLTER
300;4700001083;2000;F;NB;0000200014;2000;B01;EUR;2025-10-02;2025-10-02;LHANSEN
300;4700001084;2000;F;NB;0000200013;2000;B03;EUR;2025-10-30;2025-10-30;LHANSEN
300;4700001085;2000;F;NB;0000200010;2000;B03;EUR;2026-05-02;2026-05-02;SMEYER
300;4700001086;2000;F;NB;0000200004;2000;B03;EUR;2026-06-15;2026-06-15;AKOCH
300;4700001087;2000;F;NB;0000200005;2000;B03;EUR;2026-04-27;2026-04-27;PWOLTER
300;4700001088;2000;F;NB;0000200013;2000;B02;EUR;2025-01-11;2025-01-11;PWOLTER
300;4700001089;2000;F;NB;0000200014;2000;B03;EUR;2026-06-11;2026-06-11;SMEYER
300;4700001090;2000;F;NB;0000200003;2000;B04;EUR;2025-11-18;2025-11-18;LHANSEN
300;4700001091;2000;F;NB;0000200003;2000;B03;EUR;2025-11-10;2025-11-10;AKOCH
300;4700001092;2000;F;NB;0000200009;2000;B03;EUR;2025-03-26;2025-03-26;LHANSEN
300;4700001093;2000;F;NB;0000200005;2000;B04;EUR;2026-04-07;2026-04-07;AKOCH
300;4700001094;2000;F;NB;0000200013;2000;B01;EUR;2026-02-23;2026-02-23;JKRUEGER
300;4700001095;2000;F;NB;0000200010;2000;B02;EUR;2025-07-11;2025-07-11;SMEYER
300;4700001096;2000;F;NB;0000200002;2000;B01;EUR;2025-12-24;2025-12-24;LHANSEN
300;4700001097;2000;F;NB;0000200012;2000;B04;DKK;2025-12-16;2025-12-16;PWOLTER
300;4700001098;2000;F;NB;0000200014;2000;B03;EUR;2026-03-19;2026-03-19;PWOLTER
300;4700001099;2000;F;NB;0000200007;2000;B04;EUR;2026-02-09;2026-02-09;JKRUEGER
300;4700001100;2000;F;NB;0000200006;2000;B02;EUR;2025-02-19;2025-02-19;PWOLTER
300;4700001101;2000;F;NB;0000200012;2000;B03;DKK;2026-06-23;2026-06-23;LHANSEN
300;4700001102;2000;F;NB;0000200015;2000;B03;EUR;2025-05-24;2025-05-24;AKOCH
300;4700001103;2000;F;NB;0000200005;2000;B01;EUR;2025-05-16;2025-05-16;PWOLTER
300;4700001104;2000;F;NB;0000200009;2000;B01;EUR;2025-08-31;2025-08-31;SMEYER
300;4700001105;2000;F;NB;0000200010;2000;B03;EUR;2025-11-15;2025-11-15;PWOLTER
300;4700001106;2000;F;NB;0000200003;2000;B02;EUR;2025-03-23;2025-03-23;LHANSEN
300;4700001107;2000;F;NB;0000200007;2000;B02;EUR;2026-03-21;2026-03-21;PWOLTER
300;4700001108;2000;F;NB;0000200006;2000;B02;EUR;2025-07-11;2025-07-11;LHANSEN
300;4700001109;2000;F;NB;0000200014;2000;B04;EUR;2025-09-10;2025-09-10;AKOCH
300;4700001110;2000;F;NB;0000200006;2000;B01;EUR;2026-01-13;2026-01-13;PWOLTER
300;4700001111;2000;F;NB;0000200011;2000;B03;PLN;2025-06-30;2025-06-30;AKOCH
300;4700001112;2000;F;NB;0000200001;2000;B02;EUR;2025-07-20;2025-07-20;LHANSEN
300;4700001113;2000;F;NB;0000200011;2000;B03;PLN;2025-09-05;2025-09-05;AKOCH
300;4700001114;2000;F;NB;0000200014;2000;B04;EUR;2026-06-15;2026-06-15;PWOLTER
300;4700001115;2000;F;NB;0000200003;2000;B04;EUR;2026-01-28;2026-01-28;AKOCH
300;4700001116;2000;F;NB;0000200004;2000;B04;EUR;2025-07-08;2025-07-08;JKRUEGER
300;4700001117;2000;F;NB;0000200006;2000;B01;EUR;2025-02-26;2025-02-26;JKRUEGER
300;4700001118;2000;F;NB;0000200007;2000;B02;EUR;2026-04-29;2026-04-29;JKRUEGER
300;4700001119;2000;F;NB;0000200006;2000;B01;EUR;2026-02-21;2026-02-21;AKOCH
300;4700001120;2000;F;NB;0000200008;2000;B01;EUR;2025-12-15;2025-12-15;JKRUEGER
300;4700001121;2000;F;NB;0000200015;2000;B04;EUR;2025-10-17;2025-10-17;SMEYER
300;4700001122;2000;F;NB;0000200002;2000;B04;EUR;2025-03-27;2025-03-27;JKRUEGER
300;4700001123;2000;F;NB;0000200006;2000;B02;EUR;2026-06-30;2026-06-30;SMEYER
300;4700001124;2000;F;NB;0000200011;2000;B03;PLN;2025-04-11;2025-04-11;JKRUEGER
300;4700001125;2000;F;NB;0000200005;2000;B01;EUR;2026-06-08;2026-06-08;JKRUEGER
300;4700001126;2000;F;NB;0000200007;2000;B01;EUR;2025-05-03;2025-05-03;LHANSEN
300;4700001127;2000;F;NB;0000200008;2000;B03;EUR;2026-04-28;2026-04-28;LHANSEN
300;4700001128;2000;F;NB;0000200015;2000;B02;EUR;2026-06-21;2026-06-21;SMEYER
300;4700001129;2000;F;NB;0000200012;2000;B04;DKK;2026-03-09;2026-03-09;LHANSEN
300;4700001130;2000;F;NB;0000200011;2000;B03;PLN;2025-02-28;2025-02-28;PWOLTER
300;4700001131;2000;F;NB;0000200014;2000;B03;EUR;2025-12-20;2025-12-20;AKOCH
300;4700001132;2000;F;NB;0000200003;2000;B04;EUR;2025-05-29;2025-05-29;PWOLTER
300;4700001133;2000;F;NB;0000200009;2000;B01;EUR;2025-08-22;2025-08-22;JKRUEGER
300;4700001134;2000;F;NB;0000200012;2000;B03;DKK;2026-04-15;2026-04-15;SMEYER
300;4700001135;2000;F;NB;0000200005;2000;B03;EUR;2025-01-11;2025-01-11;SMEYER
300;4700001136;2000;F;NB;0000200010;2000;B04;EUR;2026-02-15;2026-02-15;AKOCH
300;4700001137;2000;F;NB;0000200007;2000;B02;EUR;2025-12-22;2025-12-22;SMEYER
300;4700001138;2000;F;NB;0000200007;2000;B02;EUR;2025-07-25;2025-07-25;SMEYER
300;4700001139;2000;F;NB;0000200013;2000;B03;EUR;2025-11-23;2025-11-23;LHANSEN
300;4700001140;2000;F;NB;0000200014;2000;B04;EUR;2026-03-23;2026-03-23;PWOLTER
300;4700001141;2000;F;NB;0000200015;2000;B04;EUR;2026-04-21;2026-04-21;SMEYER
300;4700001142;2000;F;NB;0000200011;2000;B01;PLN;2026-04-01;2026-04-01;JKRUEGER
300;4700001143;2000;F;NB;0000200013;2000;B02;EUR;2025-09-01;2025-09-01;AKOCH
300;4700001144;2000;F;NB;0000200014;2000;B03;EUR;2025-11-12;2025-11-12;AKOCH
300;4700001145;2000;F;NB;0000200008;2000;B01;EUR;2025-10-02;2025-10-02;JKRUEGER
300;4700001146;2000;F;NB;0000200009;2000;B01;EUR;2026-03-19;2026-03-19;AKOCH
300;4700001147;2000;F;NB;0000200008;2000;B01;EUR;2026-06-07;2026-06-07;PWOLTER
300;4700001148;2000;F;NB;0000200013;2000;B01;EUR;2026-05-26;2026-05-26;PWOLTER
300;4700001149;2000;F;NB;0000200009;2000;B04;EUR;2025-06-09;2025-06-09;PWOLTER
300;4700001150;2000;F;NB;0000200009;2000;B01;EUR;2026-05-30;2026-05-30;PWOLTER
300;4700001151;2000;F;NB;0000200012;2000;B03;DKK;2026-01-05;2026-01-05;SMEYER
300;4700001152;2000;F;NB;0000200005;2000;B03;EUR;2025-12-12;2025-12-12;SMEYER
300;4700001153;2000;F;NB;0000200008;2000;B03;EUR;2025-04-19;2025-04-19;LHANSEN
300;4700001154;2000;F;NB;0000200015;2000;B01;EUR;2025-02-10;2025-02-10;LHANSEN
300;4700001155;2000;F;NB;0000200011;2000;B04;PLN;2025-09-16;2025-09-16;PWOLTER
300;4700001156;2000;F;NB;0000200002;2000;B03;EUR;2025-12-20;2025-12-20;LHANSEN
300;4700001157;2000;F;NB;0000200012;2000;B03;DKK;2025-07-25;2025-07-25;JKRUEGER
300;4700001158;2000;F;NB;0000200008;2000;B03;EUR;2025-12-09;2025-12-09;JKRUEGER
300;4700001159;2000;F;NB;0000200009;2000;B02;EUR;2025-06-15;2025-06-15;LHANSEN
300;4700001160;2000;F;NB;0000200015;2000;B04;EUR;2026-02-12;2026-02-12;LHANSEN
300;4700001161;2000;F;NB;0000200012;2000;B04;DKK;2025-06-26;2025-06-26;LHANSEN
300;4700001162;2000;F;NB;0000200004;2000;B04;EUR;2025-04-14;2025-04-14;SMEYER
300;4700001163;2000;F;NB;0000200014;2000;B03;EUR;2025-02-02;2025-02-02;JKRUEGER
300;4700001164;2000;F;NB;0000200014;2000;B04;EUR;2026-03-23;2026-03-23;PWOLTER
300;4700001165;2000;F;NB;0000200007;2000;B04;EUR;2025-01-09;2025-01-09;AKOCH
300;4700001166;2000;F;NB;0000200007;2000;B03;EUR;2025-06-26;2025-06-26;JKRUEGER
300;4700001167;2000;F;NB;0000200002;2000;B01;EUR;2025-08-18;2025-08-18;AKOCH
300;4700001168;2000;F;NB;0000200002;2000;B01;EUR;2026-03-20;2026-03-20;SMEYER
300;4700001169;2000;F;NB;0000200012;2000;B03;DKK;2025-02-09;2025-02-09;SMEYER
300;4700001170;2000;F;NB;0000200013;2000;B01;EUR;2025-08-15;2025-08-15;JKRUEGER
300;4700001171;2000;F;NB;0000200005;2000;B03;EUR;2025-05-31;2025-05-31;PWOLTER
300;4700001172;2000;F;NB;0000200011;2000;B03;PLN;2026-05-14;2026-05-14;AKOCH
300;4700001173;2000;F;NB;0000200015;2000;B04;EUR;2025-02-22;2025-02-22;AKOCH
300;4700001174;2000;F;NB;0000200013;2000;B01;EUR;2025-04-17;2025-04-17;AKOCH
300;4700001175;2000;F;NB;0000200007;2000;B03;EUR;2025-05-18;2025-05-18;JKRUEGER
300;4700001176;2000;F;NB;0000200009;2000;B02;EUR;2025-11-25;2025-11-25;SMEYER
300;4700001177;2000;F;NB;0000200011;2000;B03;PLN;2026-03-04;2026-03-04;LHANSEN
300;4700001178;2000;F;NB;0000200014;2000;B03;EUR;2025-03-15;2025-03-15;AKOCH
300;4700001179;2000;F;NB;0000200006;2000;B04;EUR;2025-10-01;2025-10-01;LHANSEN
300;4700001180;2000;F;NB;0000200010;2000;B03;EUR;2026-04-04;2026-04-04;SMEYER
300;4700001181;2000;F;NB;0000200008;2000;B02;EUR;2026-04-01;2026-04-01;PWOLTER
300;4700001182;2000;F;NB;0000200009;2000;B02;EUR;2025-08-27;2025-08-27;AKOCH
300;4700001183;2000;F;NB;0000200002;2000;B04;EUR;2025-02-06;2025-02-06;AKOCH
300;4700001184;2000;F;NB;0000200011;2000;B04;PLN;2025-09-18;2025-09-18;JKRUEGER
300;4700001185;2000;F;NB;0000200010;2000;B04;EUR;2025-02-21;2025-02-21;JKRUEGER
300;4700001186;2000;F;NB;0000200004;2000;B03;EUR;2025-11-28;2025-11-28;PWOLTER
300;4700001187;2000;F;NB;0000200004;2000;B03;EUR;2025-01-10;2025-01-10;SMEYER
300;4700001188;2000;F;NB;0000200015;2000;B04;EUR;2025-11-12;2025-11-12;SMEYER
300;4700001189;2000;F;NB;0000200005;2000;B04;EUR;2025-07-12;2025-07-12;JKRUEGER
300;4700001190;2000;F;NB;0000200002;2000;B02;EUR;2026-04-09;2026-04-09;AKOCH
300;4700001191;2000;F;NB;0000200013;2000;B01;EUR;2025-01-19;2025-01-19;AKOCH
300;4700001192;2000;F;NB;0000200004;2000;B01;EUR;2026-01-22;2026-01-22;PWOLTER
300;4700001193;2000;F;NB;0000200006;2000;B02;EUR;2026-04-29;2026-04-29;JKRUEGER
300;4700001194;2000;F;NB;0000200008;2000;B03;EUR;2026-06-13;2026-06-13;JKRUEGER
300;4700001195;2000;F;NB;0000200007;2000;B03;EUR;2025-07-17;2025-07-17;LHANSEN
300;4700001196;2000;F;NB;0000200001;2000;B04;EUR;2025-10-28;2025-10-28;AKOCH
300;4700001197;2000;F;NB;0000200011;2000;B02;PLN;2025-08-25;2025-08-25;SMEYER
300;4700001198;2000;F;NB;0000200009;2000;B01;EUR;2025-07-27;2025-07-27;JKRUEGER
300;4700001199;2000;F;NB;0000200004;2000;B03;EUR;2025-04-05;2025-04-05;LHANSEN
300;4700001200;2000;F;NB;0000200005;2000;B04;EUR;2025-07-23;2025-07-23;SMEYER
300;4700001201;2000;F;NB;0000200013;2000;B02;EUR;2025-11-17;2025-11-17;AKOCH
300;4700001202;2000;F;NB;0000200012;2000;B01;DKK;2025-06-10;2025-06-10;SMEYER
300;4700001203;2000;F;NB;0000200007;2000;B04;EUR;2025-03-18;2025-03-18;LHANSEN
300;4700001204;2000;F;NB;0000200008;2000;B03;EUR;2025-05-03;2025-05-03;PWOLTER
300;4700001205;2000;F;NB;0000200008;2000;B01;EUR;2025-10-13;2025-10-13;LHANSEN
300;4700001206;2000;F;NB;0000200009;2000;B03;EUR;2026-02-15;2026-02-15;PWOLTER
300;4700001207;2000;F;NB;0000200005;2000;B02;EUR;2025-05-07;2025-05-07;LHANSEN
300;4700001208;2000;F;NB;0000200008;2000;B02;EUR;2026-06-21;2026-06-21;PWOLTER
300;4700001209;2000;F;NB;0000200011;2000;B04;PLN;2025-07-12;2025-07-12;AKOCH
300;4700001210;2000;F;NB;0000200006;2000;B01;EUR;2025-04-01;2025-04-01;JKRUEGER
300;4700001059;2000;F;NB;0000200012;2000;B09;DKK;2025-01-25;2025-02-02;JKRUEGER
300;4700001160;2000;F;NB;0000200015;2000;B09;EUR;2026-02-12;2026-03-03;LHANSEN
300;4700001133;2000;F;NB;0000200009;2000;B09;EUR;2025-08-22;2025-09-15;JKRUEGER
300;4700001053;2000;F;NB;0000200009;2000;B09;EUR;2025-03-08;2025-03-31;PWOLTER
300;4700001085;2000;F;NB;0000200010;2000;B09;EUR;2026-05-02;2026-05-12;SMEYER
300;4700001072;2000;F;NB;0000200008;2000;B09;EUR;2025-08-11;2025-08-18;PWOLTER
