MANDT;EBELN;EBELP;MATNR;TXZ01;MENGE;MEINS;NETPR;NETWR;WERKS;MATKL;LOEKZ
300;4700001170;00010;000000005019;Innendispersion weiß 12,5 l;36.000;EIM;193.49;6965.64;2100;B10;
300;4700001196;00010;000000005020;Schotter 16/32 lose;26.000;TO;28.50;741.00;2100;B11;
300;4700001136;00010;000000005007;Trockenbauprofil CW 75 4000 mm;21.000;ST;58.78;1234.38;2100;B04;
300;4700001172;00010;000000005003;Porenbetonstein PP2-0,35 625x240;394.000;ST;178.00;70132.00;2100;B02;
300;4700001024;00010;000000005003;Porenbetonstein PP2-0,35 625x240;102.000;ST;178.00;18156.00;2000;B02;
300;4700001068;00020;000000005020;Schotter 16/32 lose;164.000;TO;28.50;4674.00;2200;B11;
300;4700001045;00020;000000005014;KVH Konstruktionsvollholz 60x120 5 m;778.000;ST;180.11;140125.58;2000;B08;
300;4700001058;00030;000000005007;Trockenbauprofil CW 75 4000 mm;689.000;ST;58,78;40499,42;2000;B04;
300;4700001077;00010;000000005017;Innentür CPL weiß 860x1985;162.000;ST;375.07;60761.34;2300;B09;
300;4700001004;00020;000000005023;Waschtisch-Set Keramik 60 cm;163.000;ST;327.72;53418.36;2000;B12;
300;4700001097;00020;000000005004;Dämmplatte EPS 035 100 mm;228.000;M2;236.37;53892.36;2100;B03;
300;4700001066;00010;000000005001;Zement CEM II/B-S 32,5 R 25 kg;585.000;SAC;9.80;5733.00;2100;B01;
300;4700001108;00020;000000005009;Fugenmörtel flexibel 25 kg;1138.000;SAC;178.30;202905.40;2000;B05;
300;4700001082;00010;000000005001;Zement CEM II/B-S 32,5 R 25 kg;711.000;SAC;9.80;6967.80;2300;B01;
300;4700001006;00030;000000005004;Dämmplatte EPS 035 100 mm;673.000;M2;236.37;159077.01;2200;B03;
300;4700001020;00030;000000005002;Kalksandstein KS 2DF 12-1,8;119.000;ST;340.05;40465.95;2300;B02;
300;4700001036;00030;000000005015;OSB/3 Platte 18 mm 2500x1250;321.000;ST;86.96;27914.16;2000;B08;
300;4700001091;00020;000000005001;Zement CEM II/B-S 32,5 R 25 kg;64.000;SAC;9.80;627.20;2000;B01;
300;4700001081;00030;000000005009;Fugenmörtel flexibel 25 kg;647.000;SAC;178.30;115360.10;2100;B05;
300;4700001013;00010;000000005018;Fassadenfarbe Silikonharz 12,5 l;46.000;EIM;68.36;3144.56;2100;B10;
300;4700001136;00020;000000005007;Trockenbauprofil CW 75 4000 mm;682.000;ST;58.78;40087.96;2100;B04;
300;4700001036;00010;000000005015;OSB/3 Platte 18 mm 2500x1250;342.000;ST;86.96;29740.32;2200;B08;
300;4700001198;00020;000000005023;Waschtisch-Set Keramik 60 cm;35.000;ST;327.72;11470.20;2000;B12;
300;4700001029;00020;000000005022;Pflasterstein Beton 20x10x8 grau;679.000;M2;126.89;86158.31;2300;B11;
300;4700001116;00020;000000005015;OSB/3 Platte 18 mm 2500x1250;741.000;ST;86.96;64437.36;2000;B08;
300;4700001141;00020;000000005001;Zement CEM II/B-S 32,5 R 25 kg;1007.000;SAC;9.80;9868.60;2200;B01;
300;4700001176;00040;000000005023;Waschtisch-Set Keramik 60 cm;648.000;ST;327.72;212362.56;2200;B12;L
300;4700001119;00020;000000005009;Fugenmörtel flexibel 25 kg;741.000;SAC;178.30;132120.30;2300;B05;
300;4700001063;00010;000000005001;Zement CEM II/B-S 32,5 R 25 kg;1183.000;SAC;9.80;11593.40;2200;B01;
300;4700001012;00020;000000005007;Trockenbauprofil CW 75 4000 mm;0.000;ST;58.78;0.00;2200;B04;
300;4700001198;00010;000000005023;Waschtisch-Set Keramik 60 cm;208.000;ST;327.72;68165.76;2000;B12;
300;4700001184;00010;000000005002;Kalksandstein KS 2DF 12-1,8;145.000;ST;340.05;49307.25;2200;B02;
300;4700001055;00020;000000005008;Bodenfliese Feinsteinzeug 60x60 grau;778.000;M2;66,90;52048,20;2300;B05;
300;4700001135;00020;000000005017;Innentür CPL weiß 860x1985;261.000;ST;375.07;97893.27;2200;B09;
300;4700001020;00020;000000005002;Kalksandstein KS 2DF 12-1,8;777.000;ST;340.05;264218.85;2000;B02;
300;4700001160;00020;000000005002;Kalksandstein KS 2DF 12-1,8;586.000;ST;340.05;199269.30;2200;B02;
300;4700001127;00040;000000005011;Baustahlmatte Q188A;741.000;ST;97.92;72558.72;2200;B06;
300;4700001026;00010;000000005011;Baustahlmatte Q188A;740.000;ST;97.92;72460.80;2200;B06;
300;4700001006;00010;000000005005;Mineralwolle Klemmfilz 160 mm;60.000;M2;372.89;22373.40;2200;B03;
300;4700001130;00010;000000005003;Porenbetonstein PP2-0,35 625x240;732.000;ST;178.00;130296.00;2100;B02;
300;4700001204;00010;000000005010;  Bewehrungsstahl B500B d12 6 m ;580.000;ST;163.04;94563.20;2300;B06;
300;4700001081;00010;000000005008;Bodenfliese Feinsteinzeug 60x60 grau;617.000;M2;66.90;41277.30;2200;B05;
300;4700001023;00020;000000005016;Kunststofffenster 2-flg. 1230x1480;711.000;ST;489.00;347679.00;2100;B09;
300;4700001144;00020;000000005012;Dachziegel Tondach rot;382.000;ST;113.53;43368.46;2100;B07;
300;4700001070;00030;000000005010;Bewehrungsstahl B500B d12 6 m;206.000;ST;163.04;33586.24;2300;B06;
300;4700001186;00020;000000005014;KVH Konstruktionsvollholz 60x120 5 m;568.000;ST;180.11;102302.48;2300;B08;
300;4700001124;00010;000000005002;Kalksandstein KS 2DF 12-1,8;627.000;ST;340.05;213211.35;2000;B02;L
300;4700001184;00020;000000005003;Porenbetonstein PP2-0,35 625x240;173.000;ST;178.00;30794.00;2200;B02;
300;4700001197;00010;000000005003;Porenbetonstein PP2-0,35 625x240;562.000;ST;178.00;100036.00;2200;B02;
300;4700001114;00010;000000005012;Dachziegel Tondach rot;643.000;ST;113.53;72999.79;2300;B07;
300;4700001092;00010;000000005023;Waschtisch-Set Keramik 60 cm;670.000;ST;327.72;219572.40;2100;B12;
300;4700001120;00010;000000005011;Baustahlmatte Q188A;67.000;ST;97.92;6560.64;2000;B06;
300;4700001203;00010;000000005021;Kies 2/8 lose;174.000;TO;31.20;5428.80;2200;B11;
300;4700001152;00010;000000005016;Kunststofffenster 2-flg. 1230x1480;486.000;ST;489.00;237654.00;2300;B09;
300;4700001111;00010;000000005008;Bodenfliese Feinsteinzeug 60x60 grau;576.000;M2;66.90;38534.40;2300;B05;
300;4700001144;00040;000000005013;Unterspannbahn 1,5x50 m;32.000;ROL;82.34;2634.88;2200;B07;
300;4700001065;00010;000000005024;Spachtelmasse Gips 25 kg;926.000;SAC;429.39;397615.14;2300;B04;
300;4700001012;00010;000000005024;  Spachtelmasse Gips 25 kg ;1130.000;SAC;429.39;485210.70;2200;B04;
300;4700001081;00020;000000005009;Fugenmörtel flexibel 25 kg;470.000;SAC;178.30;83801.00;2200;B05;L
300;4700001099;00020;000000005020;Schotter 16/32 lose;107.000;TO;28.50;3049.50;2300;B11;
300;4700001184;00030;000000005008;Bodenfliese Feinsteinzeug 60x60 grau;82.000;M2;66,90;5485,80;2000;B05;
300;4700001154;00030;000000005002;Kalksandstein KS 2DF 12-1,8;489.000;ST;340,05;166284,45;2300;B02;
300;4700001126;00010;000000005021;Kies 2/8 lose;116.000;TO;31.20;3619.20;2100;B11;
300;4700001074;00010;000000005003;Porenbetonstein PP2-0,35 625x240;693.000;ST;178.00;123354.00;2200;B02;
300;4700001179;00020;000000005008;Bodenfliese Feinsteinzeug 60x60 grau;874.000;M2;66.90;58470.60;2000;B05;
300;4700001096;00010;000000005005;  Mineralwolle Klemmfilz 160 mm ;61.000;M2;372.89;22746.29;2000;B03;
300;4700001195;00010;000000005022;Pflasterstein Beton 20x10x8 grau;767.000;M2;126.89;97324.63;2000;B11;
300;4700001044;00010;000000005006;Gipskartonplatte 12,5 mm 2000x1250;393.000;ST;318.15;125032.95;2100;B04;
300;4700001208;00010;000000005011;Baustahlmatte Q188A;727.000;ST;97.92;71187.84;2200;B06;
300;4700001034;00010;000000005010;Bewehrungsstahl B500B d12 6 m;236.000;ST;163.04;38477.44;2100;B06;
300;4700001072;00010;000000005010;Bewehrungsstahl B500B d12 6 m;29.000;ST;163.04;4728.16;2200;B06;
300;4700001129;00020;000000005004;Dämmplatte EPS 035 100 mm;888.000;M2;236.37;209896.56;2100;B03;
300;4700001183;00010;000000005004;Dämmplatte EPS 035 100 mm;729.000;M2;236.37;172313.73;2000;B03;
300;4700001134;00030;000000005005;Mineralwolle Klemmfilz 160 mm;199.000;M2;372.89;74205.11;2000;B03;
300;4700001023;00010;000000005017;Innentür CPL weiß 860x1985;646.000;ST;375.07;242295.22;2300;B09;
300;4700001124;00030;000000005008;Bodenfliese Feinsteinzeug 60x60 grau;878.000;M2;66.90;58738.20;2000;B05;
300;4700001124;00020;000000005009;Fugenmörtel flexibel 25 kg;948.000;SAC;178.30;169028.40;2100;B05;
300;4700001086;00010;000000005014;KVH Konstruktionsvollholz 60x120 5 m;566.000;ST;180.11;101942.26;2200;B08;
300;4700001056;00020;000000005017;Innentür CPL weiß 860x1985;705.000;ST;375.07;264424.35;2100;B09;
300;4700001099;00030;000000005021;Kies 2/8 lose;115.000;TO;31.20;3588.00;2300;B11;
300;4700001050;00030;000000005023;Waschtisch-Set Keramik 60 cm;792.000;ST;327.72;259554.24;2300;B12;
300;4700001157;00010;000000005004;Dämmplatte EPS 035 100 mm;79.000;M2;236.37;18673.23;2100;B03;
300;4700001030;00010;000000005003;Porenbetonstein PP2-0,35 625x240;147.000;ST;178.00;26166.00;2300;B02;
300;4700001028;00030;000000005003;Porenbetonstein PP2-0,35 625x240;597.000;ST;178.00;106266.00;2100;B02;
300;4700001011;00010;000000005001;Zement CEM II/B-S 32,5 R 25 kg;869.000;SAC;9.80;8516.20;2300;B01;
300;4700001014;00020;000000005018;Fassadenfarbe Silikonharz 12,5 l;84.000;EIM;68.36;5742.24;2200;B10;
300;4700001031;00030;000000005021;Kies 2/8 lose;224.000;TO;31.20;6988.80;2200;B11;
300;4700001082;00020;000000005001;Zement CEM II/B-S 32,5 R 25 kg;268.000;SAC;9.80;2626.40;2000;B01;
300;4700001143;00010;000000005018;  Fassadenfarbe Silikonharz 12,5 l ;83.000;EIM;68.36;5673.88;2200;B10;
300;4700001073;00010;000000005020;Schotter 16/32 lose;213.000;TO;28.50;6070.50;2200;B11;
300;4700001109;00020;000000005013;Unterspannbahn 1,5x50 m;9.000;ROL;82.34;741.06;2100;B07;
300;4700001193;00010;000000005009;Fugenmörtel flexibel 25 kg;737.000;SAC;178.30;131407.10;2000;B05;
300;4700001043;00010;000000005013;Unterspannbahn 1,5x50 m;5.000;ROL;82.34;411.70;2000;B07;
300;4700001060;00010;000000005023;Waschtisch-Set Keramik 60 cm;438.000;ST;327.72;143541.36;2200;B12;L
300;4700001100;00030;000000005009;Fugenmörtel flexibel 25 kg;827.000;SAC;178,30;147454,10;2000;B05;
300;4700001147;00010;000000005011;Baustahlmatte Q188A;56.000;ST;97.92;5483.52;2000;B06;
300;4700001049;00030;000000005003;Porenbetonstein PP2-0,35 625x240;241.000;ST;178.00;42898.00;2200;B02;
300;4700001195;00040;000000005021;Kies 2/8 lose;99.000;TO;31.20;3088.80;2100;B11;
300;4700001178;00020;000000005013;Unterspannbahn 1,5x50 m;60.000;ROL;82.34;4940.40;2300;B07;
300;4700001077;00020;000000005017;Innentür CPL weiß 860x1985;340.000;ST;375.07;127523.80;2000;B09;
300;4700001018;00020;000000005004;Dämmplatte EPS 035 100 mm;448.000;M2;236.37;105893.76;2300;B03;
300;4700001151;00030;000000005005;Mineralwolle Klemmfilz 160 mm;239.000;M2;372.89;89120.71;2300;B03;
300;4700001153;00020;000000005011;Baustahlmatte Q188A;514.000;ST;97.92;50330.88;2200;B06;
300;4700001170;00020;000000005019;Innendispersion weiß 12,5 l;15.000;EIM;193.49;2902.35;2300;B10;
300;4700001144;00030;000000005012;Dachziegel Tondach rot;239.000;ST;113,53;27133,67;2200;B07;
300;4700001035;00030;000000005004;Dämmplatte EPS 035 100 mm;365.000;M2;236.37;86275.05;2000;B03;L
300;4700001095;00020;000000005007;Trockenbauprofil CW 75 4000 mm;362.000;ST;58.78;21278.36;2100;B04;
300;4700001089;00010;000000005013;Unterspannbahn 1,5x50 m;9.000;ROL;82.34;741.06;2200;B07;
300;4700001195;00020;000000005021;Kies 2/8 lose;31.000;TO;31.20;967.20;2300;B11;
300;4700001087;00010;000000005017;Innentür CPL weiß 860x1985;360.000;ST;375.07;135025.20;2000;B09;
300;4700001166;00020;000000005020;Schotter 16/32 lose;165.000;TO;28.50;4702.50;2000;B11;
300;4700001007;00020;000000005009;Fugenmörtel flexibel 25 kg;388.000;SAC;178.30;69180.40;2200;B05;
300;4700001054;00010;000000005005;Mineralwolle Klemmfilz 160 mm;59.000;M2;372.89;22000.51;2200;B03;
300;4700001106;00010;000000005001;Zement CEM II/B-S 32,5 R 25 kg;739.000;SAC;9.80;7242.20;2300;B01;
300;4700001087;00020;000000005016;Kunststofffenster 2-flg. 1230x1480;143.000;ST;489.00;69927.00;2300;B09;
300;4700001084;00020;000000005019;Innendispersion weiß 12,5 l;75.000;EIM;193.49;14511.75;2100;B10;
300;4700001007;00010;000000005009;Fugenmörtel flexibel 25 kg;191.000;SAC;178.30;34055.30;2300;B05;
300;4700001006;00020;000000005004;Dämmplatte EPS 035 100 mm;287.000;M2;236.37;67838.19;2000;B03;
300;4700001176;00010;000000005023;Waschtisch-Set Keramik 60 cm;486.000;ST;327.72;159271.92;2000;B12;
300;4700001071;00020;000000005008;Bodenfliese Feinsteinzeug 60x60 grau;52.000;M2;66.90;3478.80;2300;B05;
300;4700001194;00010;000000005011;Baustahlmatte Q188A;358.000;ST;97.92;35055.36;2000;B06;
300;4700001150;00020;000000005023;Waschtisch-Set Keramik 60 cm;439.000;ST;327.72;143869.08;2200;B12;
300;4700001059;00030;000000005004;Dämmplatte EPS 035 100 mm;805.000;M2;236.37;190277.85;2200;B03;
300;4700001083;00020;000000005012;Dachziegel Tondach rot;443.000;ST;113.53;50293.79;2100;B07;L
300;4700001193;00030;000000005009;Fugenmörtel flexibel 25 kg;300.000;SAC;178.30;53490.00;2100;B05;
300;4700001168;00010;000000005004;Dämmplatte EPS 035 100 mm;590.000;M2;236.37;139458.30;2200;B03;
300;4700001137;00020;000000005022;Pflasterstein Beton 20x10x8 grau;476.000;M2;126.89;60399.64;2200;B11;
300;4700001208;00020;000000005010;Bewehrungsstahl B500B d12 6 m;651.000;ST;163.04;106139.04;2200;B06;
300;4700001043;00030;000000005013;Unterspannbahn 1,5x50 m;13.000;ROL;82.34;1070.42;2300;B07;
300;4700001080;00030;000000005015;OSB/3 Platte 18 mm 2500x1250;104.000;ST;86.96;9043.84;2300;B08;
300;4700001191;00020;000000005019;Innendispersion weiß 12,5 l;46.000;EIM;193.49;8900.54;2200;B10;
300;4700001133;00010;000000005023;Waschtisch-Set Keramik 60 cm;746.000;ST;327.72;244479.12;2200;B12;
300;4700001190;00010;000000005004;Dämmplatte EPS 035 100 mm;50.000;M2;236.37;11818.50;2100;B03;
300;4700001038;00010;000000005006;Gipskartonplatte 12,5 mm 2000x1250;670.000;ST;318.15;213160.50;2300;B04;
300;4700001097;00040;000000005005;Mineralwolle Klemmfilz 160 mm;166.000;M2;372.89;61899.74;2100;B03;L
300;4700001035;00040;000000005005;Mineralwolle Klemmfilz 160 mm;181.000;M2;372.89;67493.09;2200;B03;
300;4700001063;00030;000000005001;Zement CEM II/B-S 32,5 R 25 kg;798.000;SAC;9.80;7820.40;2100;B01;
300;4700001113;00010;000000005002;Kalksandstein KS 2DF 12-1,8;25.000;ST;340.05;8501.25;2200;B02;
300;4700001031;00010;000000005022;Pflasterstein Beton 20x10x8 grau;455.000;M2;126.89;57734.95;2100;B11;
300;4700001021;00010;000000005017;Innentür CPL weiß 860x1985;684.000;ST;375.07;256547.88;2200;B09;
300;4700001126;00020;000000005020;Schotter 16/32 lose;183.000;TO;28.50;5215.50;2100;B11;
300;4700001010;00020;000000005023;Waschtisch-Set Keramik 60 cm;570.000;ST;327.72;186800.40;2300;B12;
300;4700001018;00040;000000005004;Dämmplatte EPS 035 100 mm;299.000;M2;236.37;70674.63;2200;B03;
300;4700001053;00010;000000005023;Waschtisch-Set Keramik 60 cm;621.000;ST;327.72;203514.12;2300;B12;
300;4700001070;00040;000000005011;Baustahlmatte Q188A;548.000;ST;97.92;53660.16;2000;B06;
300;4700001154;00030;000000005002;Kalksandstein KS 2DF 12-1,8;489.000;ST;340.05;166284.45;2300;B02;
300;4700001210;00010;000000005009;Fugenmörtel flexibel 25 kg;1167.000;SAC;178.30;208076.10;2300;B05;
300;4700001174;00010;000000005019;Innendispersion weiß 12,5 l;20.000;EIM;193.49;3869.80;2000;B10;
300;4700001095;00010;000000005007;Trockenbauprofil CW 75 4000 mm;343.000;ST;58.78;20161.54;2300;B04;
300;4700001070;00020;000000005010;Bewehrungsstahl B500B d12 6 m;110.000;ST;163.04;17934.40;2200;B06;
300;4700001108;00010;000000005009;Fugenmörtel flexibel 25 kg;532.000;SAC;178.30;94855.60;2100;B05;
300;4700001064;00020;000000005003;Porenbetonstein PP2-0,35 625x240;429.000;ST;178.00;76362.00;2200;B02;
300;4700001141;00010;000000005003;Porenbetonstein PP2-0,35 625x240;46.000;ST;178.00;8188.00;2100;B02;
300;4700001051;00020;000000005009;Fugenmörtel flexibel 25 kg;383.000;SAC;178.30;68288.90;2200;B05;
300;4700001155;00010;000000005003;Porenbetonstein PP2-0,35 625x240;249.000;ST;178.00;44322.00;2100;B02;
300;4700001039;00010;000000005021;Kies 2/8 lose;223.000;TO;31.20;6957.60;2100;B11;L
300;4700001160;00030;000000005001;Zement CEM II/B-S 32,5 R 25 kg;1091.000;SAC;9.80;10691.80;2200;B01;
300;4700001022;00010;000000005005;Mineralwolle Klemmfilz 160 mm;790.000;M2;372.89;294583.10;2000;B03;
300;4700001145;00010;000000005011;Baustahlmatte Q188A;482.000;ST;97.92;47197.44;2100;B06;
300;4700001132;00010;000000005008;Bodenfliese Feinsteinzeug 60x60 grau;378.000;M2;66.90;25288.20;2300;B05;
300;4700001029;00010;000000005022;Pflasterstein Beton 20x10x8 grau;62.000;M2;126.89;7867.18;2100;B11;
300;4700001005;00010;000000005010;Bewehrungsstahl B500B d12 6 m;308.000;ST;163.04;50216.32;2200;B06;
300;4700001060;00030;000000005023;Waschtisch-Set Keramik 60 cm;178.000;ST;327.72;58334.16;2000;B12;
300;4700001001;00020;000000005008;Bodenfliese Feinsteinzeug 60x60 grau;754.000;M2;66.90;50442.60;2200;B05;
300;4700001036;00020;000000005014;KVH Konstruktionsvollholz 60x120 5 m;363.000;ST;180.11;65379.93;2100;B08;
300;4700001183;00020;000000005004;Dämmplatte EPS 035 100 mm;340.000;M2;236.37;80365.80;2100;B03;
300;4700001160;00010;000000005001;Zement CEM II/B-S 32,5 R 25 kg;267.000;SAC;9.80;2616.60;2100;B01;
300;4700001134;00020;000000005005;Mineralwolle Klemmfilz 160 mm;824.000;M2;372.89;307261.36;2000;B03;
300;4700001152;00030;000000005017;Innentür CPL weiß 860x1985;16.000;ST;375.07;6001.12;2300;B09;
300;4700001173;00030;000000005003;Porenbetonstein PP2-0,35 625x240;664.000;ST;178.00;118192.00;2200;B02;L
300;4700001010;00010;000000005023;Waschtisch-Set Keramik 60 cm;209.000;ST;327.72;68493.48;2300;B12;
300;4700001152;00020;000000005017;Innentür CPL weiß 860x1985;408.000;ST;375.07;153028.56;2100;B09;
300;4700001202;00010;000000005004;Dämmplatte EPS 035 100 mm;429.000;M2;236.37;101402.73;2000;B03;
300;4700001163;00040;000000005012;Dachziegel Tondach rot;443.000;ST;113.53;50293.79;2000;B07;
300;4700001164;00020;000000005013;Unterspannbahn 1,5x50 m;18.000;ROL;82.34;1482.12;2100;B07;
300;4700001130;00030;000000005002;Kalksandstein KS 2DF 12-1,8;46.000;ST;340.05;15642.30;2100;B02;
300;4700001208;00040;000000005011;Baustahlmatte Q188A;240.000;ST;97,92;23500,80;2100;B06;
300;4700001041;00010;000000005020;Schotter 16/32 lose;218.000;TO;28.50;6213.00;2200;B11;
300;4700001116;00030;000000005014;KVH Konstruktionsvollholz 60x120 5 m;43.000;ST;180.11;7744.73;2300;B08;
300;4700001163;00030;000000005013;Unterspannbahn 1,5x50 m;49.000;ROL;82.34;4034.66;2100;B07;
300;4700001108;00040;000000005009;Fugenmörtel flexibel 25 kg;164.000;SAC;178.30;29241.20;2100;B05;
300;4700001095;00030;000000005007;Trockenbauprofil CW 75 4000 mm;128.000;ST;58.78;7523.84;2300;B04;
300;4700001019;00010;000000005009;Fugenmörtel flexibel 25 kg;389.000;SAC;178.30;69358.70;2000;B05;
300;4700001107;00030;000000005020;Schotter 16/32 lose;104.000;TO;28.50;2964.00;2200;B11;
300;4700001177;00010;000000005009;Fugenmörtel flexibel 25 kg;998.000;SAC;178.30;177943.40;2200;B05;
300;4700001161;00010;000000005005;Mineralwolle Klemmfilz 160 mm;456.000;M2;372.89;170037.84;2100;B03;L
300;4700001149;00010;000000005023;Waschtisch-Set Keramik 60 cm;99.000;ST;327.72;32444.28;2000;B12;
300;4700001188;00010;000000005001;Zement CEM II/B-S 32,5 R 25 kg;929.000;SAC;9.80;9104.20;2000;B01;
300;4700001200;00020;000000005016;Kunststofffenster 2-flg. 1230x1480;656.000;ST;489.00;320784.00;2300;B09;
300;4700001166;00010;000000005021;Kies 2/8 lose;155.000;TO;31.20;4836.00;2000;B11;
300;4700001112;00020;000000005022;Pflasterstein Beton 20x10x8 grau;882.000;M2;126.89;111916.98;2200;B11;
300;4700001128;00010;000000005001;Zement CEM II/B-S 32,5 R 25 kg;558.000;SAC;9.80;5468.40;2200;B01;
300;4700001027;00040;000000005013;Unterspannbahn 1,5x50 m;52.000;ROL;82.34;4281.68;2300;B07;
300;4700001108;00030;000000005009;Fugenmörtel flexibel 25 kg;926.000;SAC;178.30;165105.80;2200;B05;
300;4700001076;00040;000000005002;Kalksandstein KS 2DF 12-1,8;765.000;ST;340.05;260138.25;2200;B02;
300;4700001179;00010;000000005008;Bodenfliese Feinsteinzeug 60x60 grau;881.000;M2;66.90;58938.90;2100;B05;
300;4700001091;00010;000000005008;Bodenfliese Feinsteinzeug 60x60 grau;245.000;M2;66.90;16390.50;2300;B05;
300;4700001059;00010;000000005004;Dämmplatte EPS 035 100 mm;256.000;M2;236.37;60510.72;2200;B03;L
300;4700001009;00010;000000005003;Porenbetonstein PP2-0,35 625x240;700.000;ST;178.00;124600.00;2000;B02;
300;4700001198;00030;000000005023;Waschtisch-Set Keramik 60 cm;737.000;ST;327.72;241529.64;2200;B12;
300;4700001173;00040;000000005002;Kalksandstein KS 2DF 12-1,8;200.000;ST;340.05;68010.00;2300;B02;
300;4700001062;00020;000000005004;Dämmplatte EPS 035 100 mm;622.000;M2;236,37;147022,14;2200;B03;
300;4700001084;00010;000000005019;Innendispersion weiß 12,5 l;13.000;EIM;193.49;2515.37;2000;B10;
300;4700001020;00010;000000005020;Schotter 16/32 lose;98.000;TO;28.50;2793.00;2200;B11;
300;4700001090;00010;000000005001;Zement CEM II/B-S 32,5 R 25 kg;1040.000;SAC;9,80;10192,00;2300;B01;
300;4700001164;00030;000000005013;Unterspannbahn 1,5x50 m;32.000;ROL;82.34;2634.88;2300;B07;
300;4700001140;00010;000000005013;Unterspannbahn 1,5x50 m;37.000;ROL;82.34;3046.58;2100;B07;
300;4700001026;00020;000000005010;Bewehrungsstahl B500B d12 6 m;598.000;ST;163.04;97497.92;2300;B06;
300;4700001186;00010;000000005014;KVH Konstruktionsvollholz 60x120 5 m;330.000;ST;180.11;59436.30;2000;B08;
300;4700001127;00010;000000005010;Bewehrungsstahl B500B d12 6 m;35.000;ST;163.04;5706.40;2100;B06;
300;4700001155;00020;000000005002;Kalksandstein KS 2DF 12-1,8;654.000;ST;340.05;222392.70;2300;B02;
300;4700001150;00010;000000005023;Waschtisch-Set Keramik 60 cm;198.000;ST;327.72;64888.56;2100;B12;
300;4700001035;00010;000000005005;Mineralwolle Klemmfilz 160 mm;250.000;M2;372.89;93222.50;2200;B03;
300;4700001063;00040;000000005003;Porenbetonstein PP2-0,35 625x240;355.000;ST;178.00;63190.00;2100;B02;
300;4700001107;00040;000000005020;Schotter 16/32 lose;25.000;TO;28.50;712.50;2100;B11;
300;4700001031;00040;000000005021;Kies 2/8 lose;103.000;TO;31.20;3213.60;2100;B11;
300;4700001080;00040;000000005015;OSB/3 Platte 18 mm 2500x1250;575.000;ST;86.96;50002.00;2100;B08;
300;4700001131;00010;000000005012;Dachziegel Tondach rot;44.000;ST;113.53;4995.32;2300;B07;
300;4700001008;00010;000000005023;Waschtisch-Set Keramik 60 cm;56.000;ST;327.72;18352.32;2000;B12;
300;4700001090;00010;000000005001;Zement CEM II/B-S 32,5 R 25 kg;1040.000;SAC;9.80;10192.00;2300;B01;
300;4700001151;00020;000000005004;Dämmplatte EPS 035 100 mm;593.000;M2;236.37;140167.41;2100;B03;
300;4700001100;00040;000000005009;Fugenmörtel flexibel 25 kg;441.000;SAC;178,30;78630,30;2000;B05;
300;4700001097;00010;000000005004;Dämmplatte EPS 035 100 mm;887.000;M2;236.37;209660.19;2100;B03;
300;4700001037;00010;000000005015;OSB/3 Platte 18 mm 2500x1250;36.000;ST;86.96;3130.56;2100;B08;
300;4700001172;00030;000000005003;Porenbetonstein PP2-0,35 625x240;499.000;ST;178.00;88822.00;2200;B02;
300;4700001128;00020;000000005003;Porenbetonstein PP2-0,35 625x240;408.000;ST;178.00;72624.00;2000;B02;
300;4700001049;00010;000000005002;Kalksandstein KS 2DF 12-1,8;319.000;ST;340.05;108475.95;2300;B02;
300;4700001123;00010;000000005009;Fugenmörtel flexibel 25 kg;152.000;SAC;178.30;27101.60;2100;B05;
300;4700001075;00010;000000005012;Dachziegel Tondach rot;534.000;ST;113.53;60625.02;2300;B07;
300;4700001103;00020;000000005017;Innentür CPL weiß 860x1985;527.000;ST;375.07;197661.89;2000;B09;
300;4700001173;00010;000000005001;Zement CEM II/B-S 32,5 R 25 kg;321.000;SAC;9.80;3145.80;2100;B01;
300;4700001115;00040;000000005001;Zement CEM II/B-S 32,5 R 25 kg;430.000;SAC;9.80;4214.00;2300;B01;
300;4700001063;00020;000000005003;  Porenbetonstein PP2-0,35 625x240 ;685.000;ST;178.00;121930.00;2100;B02;L
300;4700001199;00020;000000005014;KVH Konstruktionsvollholz 60x120 5 m;509.000;ST;180.11;91675.99;2000;B08;
300;4700001057;00010;000000005012;  Dachziegel Tondach rot ;644.000;ST;113.53;73113.32;2200;B07;
300;4700001080;00020;000000005014;KVH Konstruktionsvollholz 60x120 5 m;279.000;ST;180.11;50250.69;2000;B08;
300;4700001137;00010;000000005022;Pflasterstein Beton 20x10x8 grau;718.000;M2;126.89;91107.02;2100;B11;
300;4700001021;00010;000000005017;Innentür CPL weiß 860x1985;684.000;ST;375.07;256547.88;2200;B09;
300;4700001103;00010;000000005017;Innentür CPL weiß 860x1985;52.000;ST;375.07;19503.64;2200;B09;
300;4700001014;00010;000000005019;Innendispersion weiß 12,5 l;49.000;EIM;193.49;9481.01;2000;B10;
300;4700001140;00030;000000005013;Unterspannbahn 1,5x50 m;16.000;ROL;82.34;1317.44;2200;B07;
300;4700001054;00030;000000005005;Mineralwolle Klemmfilz 160 mm;625.000;M2;372.89;233056.25;2200;B03;
300;4700001133;00020;000000005023;Waschtisch-Set Keramik 60 cm;321.000;ST;327.72;105198.12;2100;B12;
300;4700001076;00010;000000005001;Zement CEM II/B-S 32,5 R 25 kg;84.000;SAC;9.80;823.20;2100;B01;
300;4700001120;00020;000000005011;Baustahlmatte Q188A;505.000;ST;97.92;49449.60;2300;B06;
300;4700001036;00040;000000005015;OSB/3 Platte 18 mm 2500x1250;242.000;ST;86.96;21044.32;2200;B08;
300;4700001038;00020;000000005006;Gipskartonplatte 12,5 mm 2000x1250;546.000;ST;318.15;173709.90;2000;B04;
300;4700001139;00010;000000005018;Fassadenfarbe Silikonharz 12,5 l;20.000;EIM;68.36;1367.20;2200;B10;
300;4700001185;00010;000000005024;Spachtelmasse Gips 25 kg;152.000;SAC;429.39;65267.28;2300;B04;
300;4700001147;00020;000000005010;Bewehrungsstahl B500B d12 6 m;408.000;ST;163.04;66520.32;2300;B06;
300;4700001096;00020;000000005004;Dämmplatte EPS 035 100 mm;51.000;M2;236.37;12054.87;2100;B03;
300;4700001035;00030;000000005004;Dämmplatte EPS 035 100 mm;365.000;M2;236.37;86275.05;2000;B03;L
300;4700001171;00010;000000005016;Kunststofffenster 2-flg. 1230x1480;120.000;ST;489.00;58680.00;2100;B09;
300;4700001105;00010;000000005024;Spachtelmasse Gips 25 kg;455.000;SAC;429.39;195372.45;2300;B04;
300;4700001142;00010;000000005009;Fugenmörtel flexibel 25 kg;551.000;SAC;178.30;98243.30;2000;B05;
300;4700001188;00030;000000005003;Porenbetonstein PP2-0,35 625x240;502.000;ST;178.00;89356.00;2000;B02;
300;4700001107;00020;000000005022;Pflasterstein Beton 20x10x8 grau;893.000;M2;126.89;113312.77;2000;B11;
300;4700001115;00030;000000005008;Bodenfliese Feinsteinzeug 60x60 grau;830.000;M2;66.90;55527.00;2300;B05;
300;4700001027;00010;000000005013;Unterspannbahn 1,5x50 m;27.000;ROL;82.34;2223.18;2000;B07;
300;4700001130;00020;000000005003;Porenbetonstein PP2-0,35 625x240;733.000;ST;178.00;130474.00;2200;B02;L
300;4700001001;00010;000000005008;Bodenfliese Feinsteinzeug 60x60 grau;381.000;M2;66.90;25488.90;2300;B05;
300;4700001104;00020;000000005023;Waschtisch-Set Keramik 60 cm;748.000;ST;327.72;245134.56;2000;B12;L
300;4700001040;00010;000000005008;Bodenfliese Feinsteinzeug 60x60 grau;259.000;M2;66.90;17327.10;2200;B05;
300;4700001004;00010;000000005023;Waschtisch-Set Keramik 60 cm;653.000;ST;327.72;214001.16;2200;B12;
300;4700001055;00010;000000005009;Fugenmörtel flexibel 25 kg;915.000;SAC;178.30;163144.50;2300;B05;
300;4700001148;00010;000000005019;Innendispersion weiß 12,5 l;71.000;EIM;193.49;13737.79;2100;B10;
300;4700001121;00010;000000005001;Zement CEM II/B-S 32,5 R 25 kg;1073.000;SAC;9.80;10515.40;2200;B01;
300;4700001027;00020;000000005012;Dachziegel Tondach rot;314.000;ST;113.53;35648.42;2200;B07;
300;4700001153;00010;000000005010;Bewehrungsstahl B500B d12 6 m;128.000;ST;163.04;20869.12;2100;B06;
300;4700001201;00010;000000005019;Innendispersion weiß 12,5 l;112.000;EIM;193.49;21670.88;2000;B10;
300;4700001009;00020;000000005001;Zement CEM II/B-S 32,5 R 25 kg;187.000;SAC;9.80;1832.60;2200;B01;
300;4700001060;00020;000000005023;Waschtisch-Set Keramik 60 cm;74.000;ST;327.72;24251.28;2100;B12;
300;4700001206;00020;000000005023;Waschtisch-Set Keramik 60 cm;71.000;ST;327.72;23268.12;2000;B12;
300;4700001116;00010;000000005015;OSB/3 Platte 18 mm 2500x1250;558.000;ST;86.96;48523.68;2100;B08;
300;4700001068;00010;000000005021;Kies 2/8 lose;103.000;TO;31.20;3213.60;2200;B11;
300;4700001208;00030;000000005010;Bewehrungsstahl B500B d12 6 m;580.000;ST;163.04;94563.20;2300;B06;
300;4700001048;00010;000000005008;Bodenfliese Feinsteinzeug 60x60 grau;898.000;M2;66.90;60076.20;2000;B05;
300;4700001074;00020;000000005001;Zement CEM II/B-S 32,5 R 25 kg;161.000;SAC;9,80;1577,80;2100;B01;
300;4700001206;00010;000000005023;Waschtisch-Set Keramik 60 cm;201.000;ST;327.72;65871.72;2100;B12;
300;4700001202;00030;000000005005;Mineralwolle Klemmfilz 160 mm;222.000;M2;372.89;82781.58;2200;B03;
300;4700001118;00010;000000005021;Kies 2/8 lose;32.000;TO;31.20;998.40;2000;B11;
300;4700001154;00010;000000005003;Porenbetonstein PP2-0,35 625x240;635.000;ST;178.00;113030.00;2200;B02;
300;4700001028;00010;000000005009;Fugenmörtel flexibel 25 kg;460.000;SAC;178.30;82018.00;2000;B05;
300;4700001105;00020;000000005006;Gipskartonplatte 12,5 mm 2000x1250;112.000;ST;318.15;35632.80;2100;B04;
300;4700001110;00020;000000005009;Fugenmörtel flexibel 25 kg;0.000;SAC;178.30;0.00;2200;B05;
300;4700001202;00020;000000005005;Mineralwolle Klemmfilz 160 mm;264.000;M2;372.89;98442.96;2300;B03;
300;4700001151;00040;000000005005;Mineralwolle Klemmfilz 160 mm;604.000;M2;372.89;225225.56;2100;B03;
300;4700001097;00030;000000005005;Mineralwolle Klemmfilz 160 mm;48.000;M2;372.89;17898.72;2200;B03;L
300;4700001125;00010;000000005016;Kunststofffenster 2-flg. 1230x1480;409.000;ST;489.00;200001.00;2100;B09;
300;4700001110;00010;000000005008;Bodenfliese Feinsteinzeug 60x60 grau;674.000;M2;66.90;45090.60;2000;B05;
300;4700001047;00040;000000005022;Pflasterstein Beton 20x10x8 grau;245.000;M2;126.89;31088.05;2300;B11;
300;4700001119;00010;000000005008;Bodenfliese Feinsteinzeug 60x60 grau;156.000;M2;66.90;10436.40;2000;B05;
300;4700001089;00030;000000005013;Unterspannbahn 1,5x50 m;45.000;ROL;82.34;3705.30;2100;B07;
300;4700001156;00030;000000005005;Mineralwolle Klemmfilz 160 mm;210.000;M2;372.89;78306.90;2000;B03;
300;4700001093;00010;000000005017;Innentür CPL weiß 860x1985;66.000;ST;375.07;24754.62;2100;B09;
300;4700001200;00040;000000005017;Innentür CPL weiß 860x1985;524.000;ST;375.07;196536.68;2100;B09;
300;4700001043;00020;000000005012;Dachziegel Tondach rot;417.000;ST;113.53;47342.01;2100;B07;
300;4700001172;00020;000000005008;Bodenfliese Feinsteinzeug 60x60 grau;483.000;M2;66.90;32312.70;2100;B05;
300;4700001114;00030;000000005012;Dachziegel Tondach rot;332.000;ST;113.53;37691.96;2200;B07;
300;4700001080;00010;000000005014;KVH Konstruktionsvollholz 60x120 5 m;208.000;ST;180.11;37462.88;2200;B08;
300;4700001084;00020;000000005019;Innendispersion weiß 12,5 l;75.000;EIM;193.49;14511.75;2100;B10;
300;4700001154;00020;000000005003;Porenbetonstein PP2-0,35 625x240;451.000;ST;178.00;80278.00;2200;B02;
300;4700001067;00030;000000005008;Bodenfliese Feinsteinzeug 60x60 grau;171.000;M2;66.90;11439.90;2100;B05;
300;4700001205;00010;000000005010;Bewehrungsstahl B500B d12 6 m;377.000;ST;163.04;61466.08;2100;B06;
300;4700001016;00010;000000005016;Kunststofffenster 2-flg. 1230x1480;406.000;ST;489.00;198534.00;2000;B09;
300;4700001135;00020;000000005017;Innentür CPL weiß 860x1985;261.000;ST;375.07;97893.27;2200;B09;
300;4700001032;00010;000000005008;Bodenfliese Feinsteinzeug 60x60 grau;743.000;M2;66.90;49706.70;2200;B05;
300;4700001085;00010;000000005006;Gipskartonplatte 12,5 mm 2000x1250;549.000;ST;318,15;174664,35;2200;B04;
300;4700001141;00030;000000005001;Zement CEM II/B-S 32,5 R 25 kg;632.000;SAC;9.80;6193.60;2100;B01;
300;4700001164;00010;000000005013;Unterspannbahn 1,5x50 m;58.000;ROL;82.34;4775.72;2200;B07;L
300;4700001083;00010;000000005013;Unterspannbahn 1,5x50 m;35.000;ROL;82.34;2881.90;2100;B07;
300;4700001186;00030;000000005014;KVH Konstruktionsvollholz 60x120 5 m;228.000;ST;180,11;41065,08;2300;B08;
300;4700001209;00010;000000005009;Fugenmörtel flexibel 25 kg;594.000;SAC;178.30;105910.20;2100;B05;
300;4700001120;00030;000000005010;Bewehrungsstahl B500B d12 6 m;232.000;ST;163.04;37825.28;2300;B06;
300;4700001136;00030;000000005024;Spachtelmasse Gips 25 kg;882.000;SAC;429.39;378721.98;2300;B04;
300;4700001078;00010;000000005005;Mineralwolle Klemmfilz 160 mm;179.000;M2;372.89;66747.31;2300;B03;
300;4700001058;00010;000000005024;Spachtelmasse Gips 25 kg;455.000;SAC;429.39;195372.45;2300;B04;
300;4700001067;00010;000000005001;Zement CEM II/B-S 32,5 R 25 kg;498.000;SAC;9.80;4880.40;2000;B01;
300;4700001100;00020;000000005009;Fugenmörtel flexibel 25 kg;1126.000;SAC;178.30;200765.80;2100;B05;
300;4700001191;00030;000000005018;  Fassadenfarbe Silikonharz 12,5 l ;51.000;EIM;68.36;3486.36;2200;B10;
300;4700001189;00020;000000005016;Kunststofffenster 2-flg. 1230x1480;312.000;ST;489.00;152568.00;2100;B09;
300;4700001174;00020;000000005018;Fassadenfarbe Silikonharz 12,5 l;62.000;EIM;68.36;4238.32;2000;B10;
300;4700001173;00020;000000005003;Porenbetonstein PP2-0,35 625x240;439.000;ST;178.00;78142.00;2300;B02;
300;4700001050;00020;000000005023;Waschtisch-Set Keramik 60 cm;796.000;ST;327.72;260865.12;2000;B12;L
300;4700001094;00010;000000005018;Fassadenfarbe Silikonharz 12,5 l;110.000;EIM;68.36;7519.60;2100;B10;
300;4700001062;00010;000000005005;Mineralwolle Klemmfilz 160 mm;71.000;M2;372.89;26475.19;2300;B03;L
300;4700001079;00010;000000005001;Zement CEM II/B-S 32,5 R 25 kg;486.000;SAC;9.80;4762.80;2000;B01;
300;4700001181;00010;000000005011;Baustahlmatte Q188A;273.000;ST;97.92;26732.16;2300;B06;
300;4700001154;00040;000000005001;Zement CEM II/B-S 32,5 R 25 kg;338.000;SAC;9.80;3312.40;2200;B01;
300;4700001140;00020;000000005012;  Dachziegel Tondach rot ;162.000;ST;113.53;18391.86;2000;B07;
300;4700001057;00030;000000005012;Dachziegel Tondach rot;25.000;ST;113.53;2838.25;2100;B07;
300;4700001156;00020;000000005004;Dämmplatte EPS 035 100 mm;305.000;M2;236.37;72092.85;2200;B03;
300;4700001178;00010;000000005012;Dachziegel Tondach rot;75.000;ST;113.53;8514.75;2200;B07;
300;4700001085;00020;000000005007;Trockenbauprofil CW 75 4000 mm;323.000;ST;58.78;18985.94;2100;B04;
300;4700001200;00010;000000005017;Innentür CPL weiß 860x1985;77.000;ST;375.07;28880.39;2100;B09;
300;4700001070;00010;000000005011;Baustahlmatte Q188A;378.000;ST;97.92;37013.76;2200;B06;
300;4700001057;00020;000000005012;Dachziegel Tondach rot;754.000;ST;113,53;85601,62;2000;B07;
300;4700001083;00030;000000005012;Dachziegel Tondach rot;164.000;ST;113,53;18618,92;2100;B07;
300;4700001013;00020;000000005018;Fassadenfarbe Silikonharz 12,5 l;106.000;EIM;68.36;7246.16;2300;B10;
300;4700001150;00030;000000005023;Waschtisch-Set Keramik 60 cm;680.000;ST;327.72;222849.60;2100;B12;
300;4700001188;00020;000000005001;Zement CEM II/B-S 32,5 R 25 kg;1089.000;SAC;9.80;10672.20;2300;B01;
300;4700001115;00020;000000005009;Fugenmörtel flexibel 25 kg;1068.000;SAC;178.30;190424.40;2200;B05;
300;4700001056;00010;000000005016;Kunststofffenster 2-flg. 1230x1480;176.000;ST;489.00;86064.00;2100;B09;
300;4700001069;00010;000000005009;Fugenmörtel flexibel 25 kg;350.000;SAC;178.30;62405.00;2000;B05;
300;4700001190;00030;000000005005;Mineralwolle Klemmfilz 160 mm;577.000;M2;372.89;215157.53;2300;B03;
300;4700001089;00020;000000005012;Dachziegel Tondach rot;699.000;ST;113.53;79357.47;2100;B07;
300;4700001107;00040;000000005020;Schotter 16/32 lose;25.000;TO;28.50;712.50;2100;B11;
300;4700001059;00040;000000005004;Dämmplatte EPS 035 100 mm;477.000;M2;236,37;112748,49;2000;B03;
300;4700001076;00030;000000005021;Kies 2/8 lose;67.000;TO;31.20;2090.40;2100;B11;
300;4700001130;00040;000000005002;Kalksandstein KS 2DF 12-1,8;279.000;ST;340.05;94873.95;2000;B02;
300;4700001043;00040;000000005012;  Dachziegel Tondach rot ;192.000;ST;113.53;21797.76;2000;B07;L
300;4700001167;00010;000000005004;Dämmplatte EPS 035 100 mm;562.000;M2;236.37;132839.94;2300;B03;
300;4700001194;00020;000000005011;Baustahlmatte Q188A;164.000;ST;97.92;16058.88;2300;B06;
300;4700001197;00020;000000005008;Bodenfliese Feinsteinzeug 60x60 grau;177.000;M2;66.90;11841.30;2000;B05;
300;4700001203;00020;000000005020;Schotter 16/32 lose;36.000;TO;28.50;1026.00;2200;B11;
300;4700001027;00030;000000005012;Dachziegel Tondach rot;640.000;ST;113.53;72659.20;2000;B07;
300;4700001049;00020;000000005002;Kalksandstein KS 2DF 12-1,8;561.000;ST;340.05;190768.05;2200;B02;
300;4700001058;00020;000000005007;Trockenbauprofil CW 75 4000 mm;750.000;ST;58.78;44085.00;2300;B04;
300;4700001193;00020;000000005008;Bodenfliese Feinsteinzeug 60x60 grau;121.000;M2;66,90;8094,90;2200;B05;
300;4700001156;00010;000000005004;Dämmplatte EPS 035 100 mm;514.000;M2;236.37;121494.18;2300;B03;
300;4700001032;00020;000000005009;Fugenmörtel flexibel 25 kg;392.000;SAC;178.30;69893.60;2300;B05;
300;4700001204;00020;000000005010;Bewehrungsstahl B500B d12 6 m;385.000;ST;163.04;62770.40;2100;B06;
300;4700001138;00010;000000005022;Pflasterstein Beton 20x10x8 grau;590.000;M2;126.89;74865.10;2000;B11;
300;4700001051;00010;000000005001;Zement CEM II/B-S 32,5 R 25 kg;339.000;SAC;9.80;3322.20;2200;B01;
300;4700001127;00030;000000005011;Baustahlmatte Q188A;576.000;ST;97.92;56401.92;2100;B06;
300;4700001083;00040;000000005013;Unterspannbahn 1,5x50 m;59.000;ROL;82.34;4858.06;2000;B07;
300;4700001093;00020;000000005017;Innentür CPL weiß 860x1985;657.000;ST;375.07;246420.99;2000;B09;
300;4700001162;00010;000000005015;OSB/3 Platte 18 mm 2500x1250;663.000;ST;86.96;57654.48;2100;B08;
300;4700001069;00020;000000005009;Fugenmörtel flexibel 25 kg;811.000;SAC;178.30;144601.30;2100;B05;
300;4700001115;00010;000000005001;Zement CEM II/B-S 32,5 R 25 kg;477.000;SAC;9.80;4674.60;2100;B01;L
300;4700001146;00010;000000005023;Waschtisch-Set Keramik 60 cm;441.000;ST;327.72;144524.52;2000;B12;
300;4700001047;00020;000000005021;Kies 2/8 lose;211.000;TO;31.20;6583.20;2100;B11;
300;4700001052;00010;000000005014;KVH Konstruktionsvollholz 60x120 5 m;214.000;ST;180.11;38543.54;2200;B08;
300;4700001020;00040;000000005022;Pflasterstein Beton 20x10x8 grau;678.000;M2;126.89;86031.42;2200;B11;
300;4700001050;00010;000000005023;Waschtisch-Set Keramik 60 cm;51.000;ST;327.72;16713.72;2100;B12;
300;4700001087;00030;000000005016;Kunststofffenster 2-flg. 1230x1480;467.000;ST;489.00;228363.00;2300;B09;
300;4700001163;00010;000000005012;Dachziegel Tondach rot;146.000;ST;113.53;16575.38;2100;B07;
300;4700001101;00010;000000005005;Mineralwolle Klemmfilz 160 mm;223.000;M2;372.89;83154.47;2100;B03;
300;4700001113;00020;000000005008;Bodenfliese Feinsteinzeug 60x60 grau;811.000;M2;66.90;54255.90;2000;B05;
300;4700001159;00010;000000005023;Waschtisch-Set Keramik 60 cm;588.000;ST;327.72;192699.36;2200;B12;
300;4700001048;00020;000000005009;Fugenmörtel flexibel 25 kg;297.000;SAC;178.30;52955.10;2200;B05;
300;4700001104;00010;000000005023;Waschtisch-Set Keramik 60 cm;586.000;ST;327.72;192043.92;2200;B12;
300;4700001182;00010;000000005023;Waschtisch-Set Keramik 60 cm;738.000;ST;327.72;241857.36;2100;B12;
300;4700001031;00020;000000005021;Kies 2/8 lose;110.000;TO;31.20;3432.00;2100;B11;
300;4700001052;00020;000000005015;OSB/3 Platte 18 mm 2500x1250;671.000;ST;86.96;58350.16;2300;B08;
300;4700001045;00010;000000005014;KVH Konstruktionsvollholz 60x120 5 m;350.000;ST;180.11;63038.50;2000;B08;
300;4700001190;00020;000000005005;Mineralwolle Klemmfilz 160 mm;61.000;M2;372.89;22746.29;2300;B03;
300;4700001192;00010;000000005014;KVH Konstruktionsvollholz 60x120 5 m;781.000;ST;180.11;140665.91;2200;B08;
300;4700001071;00010;000000005009;Fugenmörtel flexibel 25 kg;1042.000;SAC;178.30;185788.60;2000;B05;
300;4700001109;00010;000000005012;Dachziegel Tondach rot;564.000;ST;113.53;64030.92;2300;B07;
300;4700001147;00030;000000005011;Baustahlmatte Q188A;598.000;ST;97.92;58556.16;2100;B06;
300;4700001114;00020;000000005012;Dachziegel Tondach rot;621.000;ST;113.53;70502.13;2300;B07;
300;4700001180;00010;000000005024;Spachtelmasse Gips 25 kg;792.000;SAC;429.39;340076.88;2100;B04;
300;4700001025;00010;000000005013;Unterspannbahn 1,5x50 m;18.000;ROL;82.34;1482.12;2000;B07;
300;4700001189;00010;000000005016;Kunststofffenster 2-flg. 1230x1480;611.000;ST;489.00;298779.00;2100;B09;
300;4700001158;00010;000000005010;Bewehrungsstahl B500B d12 6 m;209.000;ST;163.04;34075.36;2000;B06;
300;4700001131;00020;000000005012;Dachziegel Tondach rot;206.000;ST;113.53;23387.18;2300;B07;
300;4700001106;00020;000000005008;Bodenfliese Feinsteinzeug 60x60 grau;761.000;M2;66.90;50910.90;2300;B05;
300;4700001117;00010;000000005009;Fugenmörtel flexibel 25 kg;1121.000;SAC;178.30;199874.30;2000;B05;
300;4700001104;00030;000000005023;Waschtisch-Set Keramik 60 cm;245.000;ST;327.72;80291.40;2000;B12;
300;4700001141;00040;000000005002;Kalksandstein KS 2DF 12-1,8;174.000;ST;340.05;59168.70;2300;B02;
300;4700001018;00010;000000005005;Mineralwolle Klemmfilz 160 mm;224.000;M2;372.89;83527.36;2100;B03;
300;4700001203;00030;000000005022;Pflasterstein Beton 20x10x8 grau;621.000;M2;126.89;78798.69;2000;B11;
300;4700001107;00010;000000005022;Pflasterstein Beton 20x10x8 grau;730.000;M2;126.89;92629.70;2200;B11;L
300;4700001099;00010;000000005022;Pflasterstein Beton 20x10x8 grau;555.000;M2;126.89;70423.95;2000;B11;
300;4700001191;00010;000000005019;Innendispersion weiß 12,5 l;97.000;EIM;193.49;18768.53;2000;B10;
300;4700001062;00030;000000005005;Mineralwolle Klemmfilz 160 mm;450.000;M2;372.89;167800.50;2000;B03;
300;4700001015;00010;000000005023;Waschtisch-Set Keramik 60 cm;311.000;ST;327.72;101920.92;2100;B12;
300;4700001127;00020;000000005010;  Bewehrungsstahl B500B d12 6 m ;654.000;ST;163.04;106628.16;2300;B06;
300;4700001176;00030;000000005023;Waschtisch-Set Keramik 60 cm;408.000;ST;327.72;133709.76;2200;B12;
300;4700001122;00010;000000005005;Mineralwolle Klemmfilz 160 mm;430.000;M2;372.89;160342.70;2200;B03;
300;4700001061;00020;000000005006;Gipskartonplatte 12,5 mm 2000x1250;603.000;ST;318,15;191844,45;2200;B04;
300;4700001041;00020;000000005001;Zement CEM II/B-S 32,5 R 25 kg;198.000;SAC;9.80;1940.40;2000;B01;
300;4700001177;00020;000000005002;Kalksandstein KS 2DF 12-1,8;25.000;ST;340.05;8501.25;2300;B02;
300;4700001102;00010;000000005001;Zement CEM II/B-S 32,5 R 25 kg;917.000;SAC;9.80;8986.60;2200;B01;
300;4700001188;00040;000000005002;Kalksandstein KS 2DF 12-1,8;202.000;ST;340.05;68690.10;2300;B02;
300;4700001210;00020;000000005009;Fugenmörtel flexibel 25 kg;685.000;SAC;178.30;122135.50;2200;B05;
300;4700001129;00010;000000005005;Mineralwolle Klemmfilz 160 mm;156.000;M2;372.89;58170.84;2300;B03;
300;4700001005;00020;000000005011;Baustahlmatte Q188A;366.000;ST;97.92;35838.72;2100;B06;
300;4700001187;00010;000000005015;OSB/3 Platte 18 mm 2500x1250;720.000;ST;86.96;62611.20;2100;B08;
300;4700001098;00010;000000005013;Unterspannbahn 1,5x50 m;59.000;ROL;82.34;4858.06;2300;B07;
300;4700001088;00010;000000005019;Innendispersion weiß 12,5 l;116.000;EIM;193.49;22444.84;2200;B10;
300;4700001061;00010;000000005006;Gipskartonplatte 12,5 mm 2000x1250;411.000;ST;318.15;130759.65;2000;B04;
300;4700001176;00020;000000005023;Waschtisch-Set Keramik 60 cm;195.000;ST;327.72;63905.40;2200;B12;
300;4700001033;00010;000000005008;Bodenfliese Feinsteinzeug 60x60 grau;435.000;M2;66.90;29101.50;2000;B05;
300;4700001008;00020;000000005023;Waschtisch-Set Keramik 60 cm;357.000;ST;327.72;116996.04;2100;B12;
300;4700001047;00010;000000005020;Schotter 16/32 lose;188.000;TO;28.50;5358.00;2300;B11;L
300;4700001199;00010;000000005015;OSB/3 Platte 18 mm 2500x1250;486.000;ST;86.96;42262.56;2300;B08;
300;4700001064;00010;000000005003;Porenbetonstein PP2-0,35 625x240;660.000;ST;178,00;117480,00;2100;B02;
300;4700001067;00020;000000005001;Zement CEM II/B-S 32,5 R 25 kg;920.000;SAC;9.80;9016.00;2300;B01;
300;4700001059;00020;000000005004;Dämmplatte EPS 035 100 mm;851.000;M2;236.37;201150.87;2200;B03;
300;4700001042;00010;000000005001;Zement CEM II/B-S 32,5 R 25 kg;549.000;SAC;9.80;5380.20;2300;B01;
300;4700001124;00040;000000005002;Kalksandstein KS 2DF 12-1,8;601.000;ST;340.05;204370.05;2200;B02;
300;4700001165;00010;000000005020;Schotter 16/32 lose;221.000;TO;28,50;6298,50;2300;B11;
300;4700001086;00020;000000005015;OSB/3 Platte 18 mm 2500x1250;535.000;ST;86.96;46523.60;2000;B08;
300;4700001136;00040;000000005006;Gipskartonplatte 12,5 mm 2000x1250;358.000;ST;318.15;113897.70;2300;B04;
300;4700001046;00010;000000005009;Fugenmörtel flexibel 25 kg;1087.000;SAC;178.30;193812.10;2200;B05;
300;4700001013;00030;000000005018;Fassadenfarbe Silikonharz 12,5 l;24.000;EIM;68.36;1640.64;2000;B10;L
300;4700001207;00010;000000005017;Innentür CPL weiß 860x1985;507.000;ST;375.07;190160.49;2300;B09;
300;4700001074;00010;000000005003;Porenbetonstein PP2-0,35 625x240;693.000;ST;178.00;123354.00;2200;B02;
300;4700001080;00020;000000005014;KVH Konstruktionsvollholz 60x120 5 m;279.000;ST;180.11;50250.69;2000;B08;
300;4700001122;00020;000000005004;Dämmplatte EPS 035 100 mm;168.000;M2;236,37;39710,16;2200;B03;
300;4700001175;00010;000000005020;Schotter 16/32 lose;122.000;TO;28.50;3477.00;2100;B11;
300;4700001100;00010;000000005008;Bodenfliese Feinsteinzeug 60x60 grau;498.000;M2;66.90;33316.20;2000;B05;
300;4700001126;00030;000000005022;Pflasterstein Beton 20x10x8 grau;784.000;M2;126.89;99481.76;2100;B11;
300;4700001017;00010;000000005008;Bodenfliese Feinsteinzeug 60x60 grau;129.000;M2;66.90;8630.10;2200;B05;L
300;4700001112;00010;000000005002;Kalksandstein KS 2DF 12-1,8;473.000;ST;340.05;160843.65;2000;B02;
300;4700001169;00010;000000005005;Mineralwolle Klemmfilz 160 mm;666.000;M2;372.89;248344.74;2200;B03;
300;4700001163;00020;000000005012;Dachziegel Tondach rot;789.000;ST;113.53;89575.17;2000;B07;
300;4700001028;00020;000000005003;Porenbetonstein PP2-0,35 625x240;183.000;ST;178.00;32574.00;2300;B02;
300;4700001035;00020;000000005005;Mineralwolle Klemmfilz 160 mm;649.000;M2;372.89;242005.61;2200;B03;
300;4700001144;00010;000000005012;Dachziegel Tondach rot;228.000;ST;113.53;25884.84;2000;B07;
300;4700001065;00020;000000005024;Spachtelmasse Gips 25 kg;1075.000;SAC;429.39;461594.25;2100;B04;
300;4700001018;00030;000000005005;Mineralwolle Klemmfilz 160 mm;442.000;M2;372.89;164817.38;2100;B03;
300;4700001003;00010;000000005015;OSB/3 Platte 18 mm 2500x1250;629.000;ST;86.96;54697.84;2000;B08;
300;4700001200;00030;000000005016;Kunststofffenster 2-flg. 1230x1480;532.000;ST;489.00;260148.00;2000;B09;
300;4700001058;00040;000000005006;Gipskartonplatte 12,5 mm 2000x1250;739.000;ST;318.15;235112.85;2000;B04;
300;4700001195;00030;000000005021;Kies 2/8 lose;163.000;TO;31.20;5085.60;2300;B11;
300;4700001056;00030;000000005017;Innentür CPL weiß 860x1985;608.000;ST;375.07;228042.56;2100;B09;
300;4700001151;00010;000000005005;Mineralwolle Klemmfilz 160 mm;456.000;M2;372,89;170037,84;2200;B03;
300;4700001134;00010;000000005005;Mineralwolle Klemmfilz 160 mm;581.000;M2;372.89;216649.09;2200;B03;
300;4700001168;00020;000000005004;Dämmplatte EPS 035 100 mm;644.000;M2;236.37;152222.28;2000;B03;
300;4700001076;00020;000000005001;Zement CEM II/B-S 32,5 R 25 kg;903.000;SAC;9.80;8849.40;2100;B01;
300;4700001047;00030;000000005022;Pflasterstein Beton 20x10x8 grau;800.000;M2;126.89;101512.00;2100;B11;
300;4700001002;00010;000000005009;Fugenmörtel flexibel 25 kg;355.000;SAC;178.30;63296.50;2300;B05;
300;4700001054;00020;000000005005;Mineralwolle Klemmfilz 160 mm;779.000;M2;372.89;290481.31;2000;B03;
300;4700001082;00030;000000005022;Pflasterstein Beton 20x10x8 grau;358.000;M2;126.89;45426.62;2000;B11;
300;4700001135;00010;000000005017;Innentür CPL weiß 860x1985;135.000;ST;375.07;50634.45;2200;B09;
