LIFNR;NAME1;LAND1;ORT01;STRAS;WAERS
0000200001;Nordstein Baustoffe GmbH;DE;Hamburg;Billbrookdeich 118;EUR
0000200002;Hanse Dämmtechnik AG;DE;Lübeck;Travemünder Allee 7;EUR
0000200003;Elbe Zement & Mörtel GmbH;DE;Stade;Am Industriehafen 3;EUR
0000200004;Weser Holzwerke KG;DE;Bremen;Holzhafenstraße 21;EUR
0000200005;Baltic Fenster & Türen GmbH;DE;Rostock;Werftstraße 44;EUR
0000200006;Rheinland Fliesen Import GmbH;DE;Köln;Deutzer Ring 9;EUR
0000200007;Harz Naturstein eG;DE;Goslar;Steinbruchweg 2;EUR
0000200008;Küsten Stahl & Bewehrung GmbH;DE;Wilhelmshaven;Nordhafen 15;EUR
0000200009;Alster Sanitär Großhandel GmbH;DE;Hamburg;Osterbekstraße 90;EUR
0000200010;Teuto Trockenbau Systeme GmbH;DE;Bielefeld;Herforder Straße 200;EUR
0000200011;Polska Ceramika Sp. z o.o.;PL;Poznań;ul. Przemysłowa 12;PLN
0000200012;Dansk Isolering A/S;DK;Kolding;Industrivej 8;DKK
0000200013;Ostsee Farben & Lacke GmbH;DE;Kiel;Werftbahnstraße 5;EUR
0000200014;Vogtland Dachbaustoffe GmbH;;Plauen;Dachziegelweg 1;EUR
0000200015;Nordstein Baustoffe GmbH ;DE;hamburg;Billbrookdeich 118;EUR
