MANDT;VBELN;LFART;LIFNR;WADAT_IST;WERKS
300;1900001001;EL;0000200006;2025-10-24;2300
300;1900001002;EL;0000200006;2025-11-06;2200
300;1900001003;EL;0000200006;2025-12-05;2200
300;1900001004;EL;0000200006;2025-12-18;2200
300;1900001005;EL;0000200006;2026-04-02;2300
300;1900001006;EL;0000200004;2025-03-19;2000
300;1900001007;EL;0000200004;2025-03-25;2000
300;1900001008;EL;0000200004;2025-04-03;2000
300;1900001009;EL;0000200009;2026-05-12;2200
300;1900001010;EL;0000200009;2026-06-01;2000
300;1900001011;EL;0000200009;2026-06-23;2000
300;1900001012;EL;0000200009;2026-06-30;2000
300;1900001013;EL;0000200008;2025-10-02;2200
300;1900001014;EL;0000200008;2025-10-09;2200
300;1900001015;EL;0000200008;2025-09-19;2100
300;1900001016;EL;0000200008;2025-09-25;2100
300;1900001017;EL;0000200002;2025-05-14;2200
300;1900001018;EL;0000200002;2025-06-06;2200
300;1900001019;EL;0000200002;2025-05-28;2000
300;1900001020;EL;0000200002;2025-06-15;2000
300;1900001021;EL;0000200003;2026-07-20;2300
300;1900001022;EL;0000200003;2026-06-30;2200
300;1900001023;EL;0000200003;2026-07-22;2200
300;1900001024;EL;0000200003;2026-08-04;2200
300;1900001025;EL;0000200009;2025-06-08;2000
300;1900001026;EL;0000200009;2025-06-29;2100
300;1900001027;EL;0000200009;27.07.2025;2100
300;1900001028;EL;0000200015;2025-04-24;2000
300;1900001029;EL;200015;2025-03-30;2200
300;1900001030;EL;0000200015;2025-04-02;2200
300;1900001031;EL;0000200009;2025-05-20;2300
300;1900001032;EL;0000200009;2025-06-04;2300
300;1900001033;EL;0000200009;2025-06-06;2300
300;1900001034;EL;0000200009;2025-05-31;2300
300;1900001035;EL;0000200009;2025-06-13;2300
300;1900001036;EL;0000200009;2025-06-22;2300
300;1900001037;EL;0000200009;2025-07-11;2300
300;1900001038;EL;0000200015;06.07.2025;2300
300;1900001039;EL;0000200015;2025-08-03;2300
300;1900001040;EL;0000200015;2025-08-11;2300
300;1900001041;EL;0000200010;2026-06-08;2200
300;1900001042;EL;0000200010;2026-06-13;2200
300;1900001043;EL;0000200010;2026-06-26;2200
300;1900001044;EL;200010;2026-07-01;2200
300;1900001045;EL;0000200010;2026-07-20;2200
300;1900001046;EL;0000200013;2025-09-21;2100
300;1900001047;EL;0000200013;2025-09-25;2100
300;1900001048;EL;0000200013;2025-10-16;2100
300;1900001049;EL;0000200013;2025-09-07;2300
300;1900001050;EL;0000200013;2025-09-18;2300
300;1900001051;EL;200013;2025-09-24;2300
300;1900001052;EL;0000200013;2026-06-04;2000
300;1900001053;EL;0000200013;2026-06-13;2200
300;1900001054;EL;0000200013;2026-07-07;2200
300;1900001055;EL;0000200009;2025-04-30;2100
300;1900001056;EL;0000200009;2025-05-11;2100
300;1900001057;EL;0000200009;2025-05-18;2100
300;1900001058;EL;0000200009;2025-06-05;2100
300;1900001059;EL;0000200009;2025-06-08;2100
300;1900001060;EL;0000200005;2026-05-14;2000
300;1900001061;EL;0000200005;2026-06-07;2000
300;1900001062;EL;0000200002;2026-07-12;2100
300;1900001063;EL;0000200002;2026-06-28;2300
300;1900001064;EL;0000200002;2026-07-16;2300
300;1900001065;EL;0000200002;2026-06-28;2100
300;1900001066;EL;0000200002;2026-06-07;2200
300;1900001067;EL;0000200002;2026-07-04;2200
300;1900001068;EL;0000200011;2026-04-26;2000
300;1900001069;EL;0000200001;2026-04-25;2200
300;1900001070;EL;0000200001;2026-05-08;2000
300;1900001071;EL;0000200001;2026-06-01;2000
300;1900001072;EL;0000200001;2026-05-25;2300
300;1900001073;EL;0000200001;2026-06-13;2300
300;1900001074;EL;0000200001;2026-05-16;2200
300;1900001075;EL;0000200001;2026-05-31;2200
300;1900001076;EL;0000200001;2026-06-05;2200
300;1900001077;EL;0000200005;2026-02-08;2200
300;1900001078;EL;0000200005;2026-02-11;2200
300;1900001079;EL;0000200012;2026-04-15;2000
300;1900001080;EL;0000200012;2026-04-24;2000
300;1900001081;EL;0000200005;2025-03-20;2300
300;1900001082;EL;0000200005;2025-02-19;2100
300;1900001083;EL;0000200011;2026-06-06;2000
300;1900001084;EL;0000200011;2026-06-25;2000
300;1900001085;EL;0000200011;2026-07-24;2000
300;1900001086;EL;0000200014;2026-02-09;2000
300;1900001087;EL;0000200014;2026-03-05;2000
300;1900001088;EL;0000200008;2026-04-17;2200
300;1900001089;EL;0000200008;2026-04-20;2300
300;1900001090;EL;0000200008;2026-04-28;2300
300;1900001091;EL;0000200014;2025-10-15;2000
300;1900001092;EL;0000200014;2025-10-24;2000
300;1900001093;EL;0000200014;2025-10-24;2200
300;1900001094;EL;0000200014;2025-10-09;2000
300;1900001095;EL;0000200014;2025-10-18;2000
300;1900001096;EL;0000200014;2025-11-01;2300
300;1900001097;EL;0000200014;2025-11-08;2300
300;1900001098;EL;0000200014;2025-12-13;2300
300;1900001099;EL;0000200011;15.09.2025;2000
300;1900001100;EL;0000200011;2025-09-18;2000
300;1900001101;EL;0000200011;2025-08-15;2300
300;1900001102;EL;0000200011;2025-08-21;2300
300;1900001103;EL;0000200011;2025-09-08;2100
300;1900001104;EL;0000200007;31.07.2025;2100
300;1900001105;EL;0000200007;2025-07-22;2300
300;1900001106;EL;0000200011;2025-07-05;2300
300;1900001107;EL;0000200011;2025-07-08;2300
300;1900001108;EL;0000200011;2025-08-07;2300
300;1900001109;EL;0000200007;2026-05-23;2100
300;1900001110;EL;0000200007;2026-06-12;2100
300;1900001111;EL;0000200007;2026-06-25;2100
300;1900001112;EL;0000200007;2026-05-29;2200
300;1900001113;EL;0000200007;2026-06-07;2200
300;1900001114;EL;0000200007;2026-06-17;2200
300;1900001115;EL;0000200007;2026-06-21;2200
300;1900001116;EL;0000200007;2026-06-05;2100
300;1900001117;EL;0000200007;2026-06-14;2100
300;1900001118;EL;0000200007;2026-06-18;2100
300;1900001119;EL;0000200011;2026-01-28;2200
300;1900001120;EL;200011;2026-02-03;2200
300;1900001121;EL;0000200011;2026-03-01;2200
300;1900001122;EL;0000200011;2026-03-10;2200
300;1900001123;EL;0000200011;12.01.2026;2300
300;1900001124;EL;0000200011;2026-01-23;2300
300;1900001125;EL;0000200011;2025-11-03;2000
300;1900001126;EL;0000200011;2025-11-09;2000
300;1900001127;EL;0000200008;2025-10-12;2100
300;1900001128;EL;0000200008;2025-11-14;2100
300;1900001129;EL;0000200002;2026-04-26;2200
300;1900001130;EL;0000200002;2026-05-04;2200
300;1900001131;EL;0000200002;2026-05-11;2200
300;1900001132;EL;0000200002;2026-05-07;2200
300;1900001133;EL;0000200002;20.06.2026;2200
300;1900001134;EL;0000200004;2025-09-06;2200
300;1900001135;EL;0000200004;2025-09-03;2100
300;1900001136;EL;0000200004;2025-08-26;2000
300;1900001137;EL;0000200004;07.09.2025;2200
300;1900001138;EL;0000200004;2025-09-30;2200
300;1900001139;EL;0000200004;2025-10-22;2200
300;1900001140;EL;0000200004;2026-01-19;2100
300;1900001141;EL;0000200004;2026-02-07;2100
300;1900001142;EL;0000200004;2026-02-09;2100
300;1900001143;EL;0000200004;2026-02-25;2100
300;1900001144;EL;0000200010;17.12.2025;2300
300;1900001145;EL;0000200010;2026-01-16;2000
300;1900001146;EL;0000200001;2025-09-17;2100
300;1900001147;EL;0000200011;2026-04-11;2200
300;1900001148;EL;0000200011;2026-04-18;2200
300;1900001149;EL;0000200001;2025-05-23;2200
300;1900001150;EL;0000200001;2025-05-26;2200
300;1900001151;EL;0000200001;2025-05-24;2000
300;1900001152;EL;0000200001;2025-05-31;2000
300;1900001153;EL;0000200015;2026-03-22;2300
300;1900001154;EL;0000200015;2026-03-26;2300
300;1900001155;EL;0000200015;2026-04-09;2300
300;1900001156;EL;200014;2026-03-13;2000
300;1900001157;EL;0000200014;2026-04-02;2000
300;1900001158;EL;0000200014;2026-03-29;2100
300;1900001159;EL;200014;2026-03-17;2300
300;1900001160;EL;0000200014;2026-04-05;2300
300;1900001161;EL;0000200014;2026-03-23;2000
300;1900001162;EL;0000200010;2025-09-29;2100
300;1900001163;EL;0000200004;2025-12-30;2000
300;1900001164;EL;0000200004;2025-12-30;2000
300;1900001165;EL;0000200003;2026-01-29;2200
300;1900001166;EL;0000200003;2026-02-07;2200
300;1900001167;EL;0000200003;2026-02-09;2200
300;1900001168;EL;0000200007;2025-12-27;2300
300;1900001169;EL;0000200007;2025-11-30;2100
300;1900001170;EL;0000200007;2025-12-09;2100
300;1900001171;EL;0000200007;2025-11-24;2100
300;1900001172;EL;0000200007;06.12.2025;2100
300;1900001173;EL;0000200007;2025-12-30;2100
300;1900001174;EL;0000200007;2026-01-04;2100
300;1900001175;EL;0000200007;2025-12-06;2300
300;1900001176;EL;0000200007;2025-12-24;2300
300;1900001177;EL;0000200011;2025-12-06;2000
300;1900001178;EL;0000200011;2025-12-28;2000
300;1900001179;EL;0000200011;2026-01-06;2200
300;1900001180;EL;0000200015;2026-04-09;2300
300;1900001181;EL;0000200015;2026-03-01;2200
300;1900001182;EL;0000200015;2026-03-19;2200
300;1900001183;EL;0000200015;2026-03-17;2200
300;1900001184;EL;200015;2026-04-14;2200
300;1900001185;EL;0000200015;2026-05-07;2200
300;1900001186;EL;0000200009;2025-07-30;2100
300;1900001187;EL;0000200009;06.08.2025;2100
300;1900001188;EL;0000200009;2025-08-07;2100
300;1900001189;EL;0000200009;2025-08-02;2000
300;1900001190;EL;0000200009;2025-07-25;2300
300;1900001191;EL;0000200009;2025-08-01;2300
300;1900001192;EL;0000200003;2025-08-16;2200
300;1900001193;EL;0000200003;2025-08-23;2200
300;1900001194;EL;0000200003;2025-08-28;2200
300;1900001195;EL;0000200003;2025-09-05;2200
300;1900001196;EL;0000200004;2025-07-22;2200
300;1900001197;EL;0000200004;2025-07-28;2200
300;1900001198;EL;0000200004;2025-08-09;2200
300;1900001199;EL;0000200004;2025-08-30;2200
300;1900001200;EL;0000200004;08.09.2025;2200
300;1900001201;EL;0000200004;;2300
300;1900001202;EL;0000200004;2025-09-07;2300
300;1900001203;EL;0000200009;2025-03-28;2300
300;1900001204;EL;0000200009;05.04.2025;2300
300;1900001205;EL;0000200002;2025-02-12;2200
300;1900001206;EL;0000200002;2025-02-19;2200
300;1900001207;EL;0000200002;09.02.2025;2000
300;1900001208;EL;200002;2025-03-14;2000
300;1900001209;EL;0000200002;2025-02-13;2200
300;1900001210;EL;0000200006;27.11.2025;2300
300;1900001211;EL;0000200006;2025-12-04;2300
300;1900001212;EL;0000200006;;2300
300;1900001213;EL;0000200006;2025-12-02;2300
300;1900001214;EL;0000200005;2025-04-15;2100
300;1900001215;EL;0000200005;2025-04-18;2100
300;1900001216;EL;0000200005;2025-04-20;2100
300;1900001217;EL;0000200005;2025-05-07;2100
300;1900001218;EL;0000200005;2025-04-17;2100
300;1900001219;EL;0000200014;2026-06-02;2200
300;1900001220;EL;0000200014;2026-06-08;2200
300;1900001221;EL;0000200014;2026-06-29;2200
300;1900001222;EL;0000200014;2026-05-29;2000
300;1900001223;EL;0000200014;2026-06-09;2000
300;1900001224;EL;0000200014;2026-06-12;2000
300;1900001225;EL;0000200014;2026-05-28;2100
300;1900001226;EL;0000200014;2026-06-26;2100
300;1900001227;EL;0000200010;2026-03-17;2300
300;1900001228;EL;0000200010;2026-03-23;2300
300;1900001229;EL;0000200010;2026-03-28;2300
300;1900001230;EL;0000200010;2026-04-21;2300
300;1900001231;EL;0000200010;2026-04-17;2300
300;1900001232;EL;0000200010;2026-04-22;2300
300;1900001233;EL;0000200010;2026-05-07;2300
300;1900001234;EL;0000200010;2026-03-09;2000
300;1900001235;EL;0000200010;2026-03-22;2000
300;1900001236;EL;0000200010;2026-03-13;2000
300;1900001237;EL;0000200010;2026-04-02;2000
300;1900001238;EL;0000200010;2026-04-07;2000
300;1900001239;EL;0000200012;2025-03-09;2200
300;1900001240;EL;200012;2025-03-07;2200
300;1900001241;EL;0000200012;2025-02-24;2200
300;1900001242;EL;200012;2025-03-01;2200
300;1900001243;EL;0000200012;2025-03-10;2000
300;1900001244;EL;0000200009;2026-01-08;2200
300;1900001245;EL;0000200009;2026-01-19;2100
300;1900001246;EL;0000200009;2026-01-26;2100
300;1900001247;EL;0000200009;2026-01-07;2000
300;1900001248;EL;0000200009;2026-01-25;2000
300;1900001249;EL;0000200010;2025-03-07;2000
300;1900001250;EL;0000200010;2025-02-22;2200
300;1900001251;EL;0000200010;2025-03-16;2200
300;1900001252;EL;0000200002;2025-09-11;2200
300;1900001253;EL;0000200002;2025-09-25;2200
300;1900001254;EL;0000200002;2025-09-02;2000
300;1900001255;EL;0000200002;2025-09-17;2000
300;1900001256;EL;0000200015;2025-05-18;2200
300;1900001257;EL;0000200015;2025-05-10;2100
300;1900001258;EL;0000200015;2025-05-15;2100
300;1900001259;EL;0000200015;2025-06-01;2100
300;1900001260;EL;200015;2025-05-13;2100
300;1900001261;EL;0000200015;2025-05-31;2100
300;1900001262;EL;0000200015;2025-06-02;2100
300;1900001263;EL;0000200015;2025-05-16;2100
300;1900001264;EL;0000200015;2025-04-21;2100
300;1900001265;EL;0000200015;2025-04-27;2100
300;1900001266;EL;0000200015;2025-05-09;2100
300;1900001267;EL;0000200015;2025-05-14;2100
300;1900001268;EL;0000200015;2025-05-26;2100
300;1900001269;EL;0000200015;2025-03-24;2200
300;1900001270;EL;0000200015;2025-04-23;2200
300;1900001271;EL;0000200010;2025-03-31;2300
300;1900001272;EL;0000200010;2025-05-09;2300
300;1900001273;EL;0000200010;2025-05-18;2300
300;1900001274;EL;0000200010;2025-05-22;2300
300;1900001275;EL;0000200010;2025-04-27;2100
300;1900001276;EL;0000200015;2026-07-14;2100
300;1900001277;EL;0000200003;2025-08-20;2000
300;1900001278;EL;200003;2025-08-22;2300
300;1900001279;EL;0000200003;2025-09-13;2300
300;1900001280;EL;0000200003;2025-08-21;2100
300;1900001281;EL;0000200007;2025-07-11;2200
300;1900001282;EL;0000200007;2025-07-16;2200
300;1900001283;EL;0000200007;2025-07-10;2200
300;1900001284;EL;0000200007;2025-08-05;2200
300;1900001285;EL;0000200011;2026-06-07;2000
300;1900001286;EL;0000200011;2026-07-01;2000
300;1900001287;EL;0000200011;2026-07-05;2000
300;1900001288;EL;0000200011;2026-07-14;2000
300;1900001289;EL;0000200011;2026-05-30;2100
300;1900001290;EL;0000200008;2025-08-03;2200
300;1900001291;EL;0000200008;2025-08-10;2200
300;1900001292;EL;0000200008;2025-08-17;2200
300;1900001293;EL;0000200008;2025-08-03;2200
300;1900001294;EL;0000200008;2025-08-05;2200
300;1900001295;EL;0000200008;2025-08-26;2200
300;1900001296;EL;0000200008;2025-08-31;2200
300;1900001297;EL;0000200008;2025-08-03;2300
300;1900001298;EL;0000200008;2025-08-10;2300
300;1900001299;EL;0000200008;2025-08-18;2300
300;1900001300;EL;200008;2025-08-23;2300
300;1900001301;EL;0000200008;2025-08-28;2000
300;1900001302;EL;0000200008;2025-09-22;2000
300;1900001303;EL;0000200008;2025-09-25;2000
300;1900001304;EL;0000200008;2025-10-07;2000
300;1900001305;EL;0000200006;2025-09-17;2000
300;1900001306;EL;0000200006;2025-10-06;2300
300;1900001307;EL;0000200006;2025-10-31;2300
300;1900001308;EL;0000200006;2025-11-08;2300
300;1900001309;EL;0000200008;2025-09-25;2200
300;1900001310;EL;0000200008;2025-10-19;2200
300;1900001311;EL;0000200008;2025-11-15;2200
300;1900001312;EL;0000200008;2025-11-17;2200
300;1900001313;EL;0000200007;2026-01-13;2200
300;1900001314;EL;0000200015;2026-06-27;2200
300;1900001315;EL;0000200015;2026-07-05;2200
300;1900001316;EL;0000200015;2026-06-21;2100
300;1900001317;EL;0000200015;2026-07-09;2100
300;1900001318;EL;200014;2025-11-09;2300
300;1900001319;EL;0000200014;2025-12-06;2300
300;1900001320;EL;200014;2025-12-18;2300
300;1900001321;EL;0000200001;2025-06-12;2100
300;1900001322;EL;0000200001;2025-05-17;2100
300;1900001323;EL;0000200001;2025-04-27;2100
300;1900001324;EL;0000200001;2025-05-11;2200
300;1900001325;EL;0000200001;2025-05-17;2200
300;1900001326;EL;0000200001;2025-05-18;2200
300;1900001327;EL;0000200001;2025-05-28;2200
300;1900001328;EL;0000200005;2025-04-01;2300
300;1900001329;EL;0000200005;2025-02-28;2000
300;1900001330;EL;0000200005;2025-03-18;2000
300;1900001331;EL;0000200005;2025-03-25;2000
300;1900001332;EL;0000200012;2026-01-21;2300
300;1900001333;EL;0000200012;;2300
300;1900001334;EL;0000200012;2026-02-13;2300
300;1900001335;EL;0000200015;2025-02-24;2000
300;1900001336;EL;0000200004;2025-08-14;2200
300;1900001337;EL;0000200004;2025-08-16;2200
300;1900001338;EL;0000200004;2025-08-29;2000
300;1900001339;EL;0000200004;2025-09-14;2000
300;1900001340;EL;0000200004;2025-08-22;2300
300;1900001341;EL;0000200004;2025-09-06;2300
300;1900001342;EL;0000200004;2025-09-17;2300
300;1900001343;EL;0000200004;2025-08-03;2100
300;1900001344;EL;0000200004;2025-08-07;2100
300;1900001345;EL;0000200004;2025-08-15;2100
300;1900001346;EL;0000200006;06.11.2025;2200
300;1900001347;EL;0000200006;2025-11-10;2200
300;1900001348;EL;0000200006;2025-11-17;2200
300;1900001349;EL;0000200006;2025-10-21;2200
300;1900001350;EL;0000200006;2025-10-29;2100
300;1900001351;EL;0000200001;2026-02-02;2300
300;1900001352;EL;200001;2026-02-08;2300
300;1900001353;EL;0000200001;2026-02-19;2300
300;1900001354;EL;0000200001;2026-02-13;2000
300;1900001355;EL;0000200001;2026-02-23;2000
300;1900001356;EL;0000200001;2026-01-28;2000
300;1900001357;EL;0000200014;2025-11-06;2100
300;1900001358;EL;0000200014;2025-11-14;2100
300;1900001359;EL;0000200014;2025-11-22;2100
300;1900001360;EL;0000200014;2025-12-01;2100
300;1900001361;EL;0000200014;2025-10-26;2100
300;1900001362;EL;0000200014;2025-11-11;2100
300;1900001363;EL;0000200014;2025-11-20;2100
300;1900001364;EL;0000200014;2025-11-21;2100
300;1900001365;EL;0000200014;2025-11-11;2000
300;1900001366;EL;0000200013;2025-11-28;2000
300;1900001367;EL;0000200013;2025-11-30;2100
300;1900001368;EL;0000200013;2025-12-15;2100
300;1900001369;EL;0000200010;2026-05-13;2200
300;1900001370;EL;0000200010;2026-05-17;2200
300;1900001371;EL;0000200010;2026-05-27;2100
300;1900001372;EL;0000200004;2026-06-26;2200
300;1900001373;EL;0000200004;2026-07-01;2200
300;1900001374;EL;0000200004;2026-07-19;2200
300;1900001375;EL;0000200004;2026-07-27;2200
300;1900001376;EL;0000200004;2026-08-12;2200
300;1900001377;EL;0000200004;2026-07-29;2000
300;1900001378;EL;0000200004;2026-08-05;2000
300;1900001379;EL;0000200004;2026-08-12;2000
300;1900001380;EL;0000200005;;2000
300;1900001381;EL;0000200005;2026-05-25;2300
300;1900001382;EL;0000200005;2026-05-31;2300
300;1900001383;EL;0000200005;2026-06-15;2300
300;1900001384;EL;0000200013;2025-02-20;2200
300;1900001385;EL;0000200013;2025-03-15;2200
300;1900001386;EL;0000200014;2026-07-23;2200
300;1900001387;EL;0000200014;2026-07-28;2200
300;1900001388;EL;0000200014;2026-08-22;2200
300;1900001389;EL;0000200014;2026-07-21;2100
300;1900001390;EL;0000200014;2026-08-12;2100
300;1900001391;EL;0000200014;2026-08-19;2100
300;1900001392;EL;0000200014;2026-07-23;2100
300;1900001393;EL;0000200014;2026-08-11;2100
300;1900001394;EL;0000200014;2026-08-16;2100
300;1900001395;EL;0000200003;2025-12-24;2300
300;1900001396;EL;0000200003;2026-01-02;2300
300;1900001397;EL;0000200003;2026-01-09;2300
300;1900001398;EL;0000200003;2026-01-29;2300
300;1900001399;EL;0000200003;2026-02-07;2300
300;1900001400;EL;0000200003;2025-11-24;2300
300;1900001401;EL;0000200003;2025-12-14;2300
300;1900001402;EL;0000200003;23.11.2025;2000
300;1900001403;EL;0000200009;2025-05-09;2100
300;1900001404;EL;0000200009;2025-06-04;2100
300;1900001405;EL;0000200009;2025-06-09;2100
300;1900001406;EL;0000200009;2025-06-09;2100
300;1900001407;EL;0000200005;2026-04-26;2100
300;1900001408;EL;0000200005;2026-05-10;2100
300;1900001409;EL;0000200005;2026-04-19;2000
300;1900001410;EL;0000200013;2026-03-19;2100
300;1900001411;EL;0000200010;2025-08-05;2300
300;1900001412;EL;0000200010;2025-08-12;2300
300;1900001413;EL;0000200010;2025-09-04;2300
300;1900001414;EL;0000200010;2025-09-13;2300
300;1900001415;EL;0000200010;2025-09-15;2300
300;1900001416;EL;0000200010;2025-09-21;2300
300;1900001417;EL;0000200010;2025-08-16;2100
300;1900001418;EL;0000200010;2025-09-03;2100
300;1900001419;EL;0000200010;2025-09-07;2100
300;1900001420;EL;0000200010;2025-07-26;2300
300;1900001421;EL;0000200010;2025-08-01;2300
300;1900001422;EL;0000200002;2026-02-06;2000
300;1900001423;EL;0000200002;2026-01-15;2100
300;1900001424;EL;0000200002;2026-01-21;2100
300;1900001425;EL;0000200012;2026-01-30;2100
300;1900001426;EL;0000200012;2026-01-25;2100
300;1900001427;EL;0000200012;2026-02-19;2100
300;1900001428;EL;0000200012;2025-12-29;2200
300;1900001429;EL;0000200014;16.04.2026;2300
300;1900001430;EL;0000200007;2026-03-07;2000
300;1900001431;EL;0000200007;2026-03-12;2300
300;1900001432;EL;0000200007;2026-03-22;2300
300;1900001433;EL;0000200007;2026-03-31;2300
300;1900001434;EL;0000200007;2026-04-10;2300
300;1900001435;EL;0000200007;2026-05-01;2300
300;1900001436;EL;0000200007;2026-05-06;2300
300;1900001437;EL;0000200006;2025-03-04;2000
300;1900001438;EL;0000200006;2025-03-11;2000
300;1900001439;EL;0000200006;2025-03-14;2000
300;1900001440;EL;0000200006;2025-04-02;2100
300;1900001441;EL;0000200006;2025-04-08;2100
300;1900001442;EL;0000200006;2025-03-20;2000
300;1900001443;EL;0000200006;2025-04-13;2000
300;1900001444;EL;0000200006;2025-05-02;2000
300;1900001445;EL;0000200006;2025-05-09;2000
300;1900001446;EL;0000200006;2025-03-06;2000
300;1900001447;EL;0000200012;2026-07-20;2100
300;1900001448;EL;0000200015;2025-07-03;2200
300;1900001449;EL;0000200015;2025-07-20;2200
300;1900001450;EL;0000200015;2025-07-27;2200
300;1900001451;EL;0000200015;2025-08-12;2200
300;1900001452;EL;0000200015;2025-08-16;2200
300;1900001453;EL;0000200005;2025-06-20;2200
300;1900001454;EL;0000200005;2025-06-24;2200
300;1900001455;EL;0000200005;2025-06-22;2000
300;1900001456;EL;0000200009;2025-09-18;2200
300;1900001457;EL;0000200009;2025-09-27;2200
300;1900001458;EL;0000200009;2025-09-09;2000
300;1900001459;EL;0000200009;2025-09-21;2000
300;1900001460;EL;0000200009;2025-10-03;2000
300;1900001461;EL;0000200010;;2300
300;1900001462;EL;0000200010;2026-01-02;2300
300;1900001463;EL;0000200010;2025-12-28;2100
300;1900001464;EL;0000200003;2025-04-12;2300
300;1900001465;EL;0000200003;2025-04-04;2300
300;1900001466;EL;0000200007;2026-04-10;2000
300;1900001467;EL;200007;2026-04-13;2000
300;1900001468;EL;0000200007;2026-04-19;2200
300;1900001469;EL;0000200007;2026-04-27;2100
300;1900001470;EL;0000200006;2025-08-16;2100
300;1900001471;EL;0000200006;2025-08-16;2000
300;1900001472;EL;0000200006;2025-09-08;2000
300;1900001473;EL;0000200006;2025-10-04;2000
300;1900001474;EL;0000200006;2025-08-04;2200
300;1900001475;EL;0000200006;2025-08-16;2200
300;1900001476;EL;0000200006;2025-08-27;2200
300;1900001477;EL;0000200006;2025-09-04;2200
300;1900001478;EL;0000200006;2025-08-25;2100
300;1900001479;EL;0000200006;2025-09-15;2100
300;1900001480;EL;0000200006;2025-10-07;2100
300;1900001481;EL;0000200014;2025-09-24;2300
300;1900001482;EL;0000200014;2025-10-02;2300
300;1900001483;EL;0000200014;;2100
300;1900001484;EL;0000200006;2026-02-26;2000
300;1900001485;EL;0000200006;2026-03-07;2000
300;1900001486;EL;0000200006;2026-03-13;2000
300;1900001487;EL;0000200006;2026-02-19;2200
300;1900001488;EL;0000200006;2026-03-09;2200
300;1900001489;EL;0000200006;2026-03-31;2200
300;1900001490;EL;0000200011;2025-07-16;2300
300;1900001491;EL;200011;2025-08-21;2300
300;1900001492;EL;0000200011;26.08.2025;2300
300;1900001493;EL;0000200001;04.08.2025;2000
300;1900001494;EL;0000200001;2025-08-20;2200
300;1900001495;EL;0000200001;2025-09-17;2200
300;1900001496;EL;0000200001;2025-09-20;2200
300;1900001497;EL;0000200011;2025-10-13;2200
300;1900001498;EL;0000200011;02.11.2025;2200
300;1900001499;EL;0000200011;2025-09-13;2000
300;1900001500;EL;0000200011;2025-09-20;2000
300;1900001501;EL;0000200014;2026-07-10;2300
300;1900001502;EL;0000200014;2026-07-15;2300
300;1900001503;EL;0000200014;2026-07-23;2300
300;1900001504;EL;0000200014;2026-07-31;2300
300;1900001505;EL;0000200014;2026-08-06;2300
300;1900001506;EL;0000200014;2026-07-23;2200
300;1900001507;EL;0000200003;2026-02-09;2200
300;1900001508;EL;0000200003;2026-02-16;2200
300;1900001509;EL;0000200003;2026-02-26;2200
300;1900001510;EL;0000200003;2026-03-11;2300
300;1900001511;EL;0000200003;2026-03-04;2300
300;1900001512;EL;0000200003;2026-03-22;2300
300;1900001513;EL;0000200003;2026-03-30;2300
300;1900001514;EL;0000200004;2025-08-01;2100
300;1900001515;EL;0000200004;2025-08-02;2000
300;1900001516;EL;0000200004;2025-07-30;2300
300;1900001517;EL;0000200004;2025-08-18;2300
300;1900001518;EL;0000200006;2025-04-02;2000
300;1900001519;EL;0000200007;2026-06-08;2000
300;1900001520;EL;0000200007;2026-06-20;2000
300;1900001521;EL;0000200007;2026-07-04;2000
300;1900001522;EL;0000200006;2026-03-18;2000
300;1900001523;EL;0000200006;2026-03-26;2000
300;1900001524;EL;0000200006;2026-04-04;2000
300;1900001525;EL;0000200006;2026-03-29;2300
300;1900001526;EL;200008;2026-01-04;2000
300;1900001527;EL;0000200008;2026-01-02;2300
300;1900001528;EL;0000200008;2026-01-11;2300
300;1900001529;EL;0000200015;2025-11-06;2200
300;1900001530;EL;0000200015;2025-11-08;2200
300;1900001531;EL;0000200002;2025-05-11;2200
300;1900001532;EL;0000200002;2025-05-31;2200
300;1900001533;EL;0000200002;2025-05-01;2200
300;1900001534;EL;200006;2026-07-26;2100
300;1900001535;EL;0000200006;2026-08-01;2100
300;1900001536;EL;0000200006;2026-08-07;2100
300;1900001537;EL;0000200011;04.05.2025;2100
300;1900001538;EL;0000200011;2025-05-12;2100
300;1900001539;EL;0000200011;2025-04-27;2000
300;1900001540;EL;0000200011;2025-05-01;2000
300;1900001541;EL;0000200011;2025-05-21;2000
300;1900001542;EL;0000200011;2025-05-28;2200
300;1900001543;EL;0000200011;2025-05-31;2200
300;1900001544;EL;0000200011;2025-07-08;2200
300;1900001545;EL;0000200005;2026-06-20;2100
300;1900001546;EL;0000200005;2026-06-25;2100
300;1900001547;EL;0000200005;2026-06-28;2100
300;1900001548;EL;0000200007;2025-05-17;2100
300;1900001549;EL;0000200007;2025-05-22;2100
300;1900001550;EL;0000200007;09.06.2025;2100
300;1900001551;EL;0000200007;2025-06-18;2100
300;1900001552;EL;0000200007;2025-06-26;2100
300;1900001553;EL;0000200007;2025-05-19;2100
300;1900001554;EL;0000200007;2025-05-26;2100
300;1900001555;EL;0000200007;07.06.2025;2100
300;1900001556;EL;0000200008;11.05.2026;2100
300;1900001557;EL;0000200008;2026-06-13;2100
300;1900001558;EL;0000200008;2026-06-18;2100
300;1900001559;EL;0000200008;2026-05-20;2300
300;1900001560;EL;0000200008;2026-05-27;2100
300;1900001561;EL;0000200008;2026-05-21;2200
300;1900001562;EL;0000200008;2026-05-23;2200
300;1900001563;EL;0000200015;2026-08-05;2200
300;1900001564;EL;0000200015;2026-08-22;2200
300;1900001565;EL;0000200015;2026-08-27;2200
300;1900001566;EL;0000200015;2026-07-19;2000
300;1900001567;EL;0000200015;2026-08-01;2000
300;1900001568;EL;0000200015;2026-08-25;2000
300;1900001569;EL;0000200012;2026-03-20;2300
300;1900001570;EL;0000200012;2026-04-01;2300
300;1900001571;EL;0000200012;2026-04-03;2300
300;1900001572;EL;0000200012;2026-04-11;2300
300;1900001573;EL;0000200012;2026-04-02;2100
300;1900001574;EL;0000200011;2025-04-28;2100
300;1900001575;EL;0000200011;01.05.2025;2100
300;1900001576;EL;0000200011;2025-05-09;2100
300;1900001577;EL;0000200011;2025-04-29;2100
300;1900001578;EL;0000200011;2025-05-07;2100
300;1900001579;EL;0000200011;2025-05-03;2100
300;1900001580;EL;0000200011;2025-05-21;2100
300;1900001581;EL;0000200011;2025-03-28;2000
300;1900001582;EL;0000200011;2025-03-31;2000
300;1900001583;EL;0000200014;2026-02-01;2300
300;1900001584;EL;0000200014;2026-02-27;2300
300;1900001585;EL;0000200014;2026-03-26;2300
300;1900001586;EL;0000200014;2026-01-09;2300
300;1900001587;EL;0000200014;2026-01-17;2300
300;1900001588;EL;0000200003;21.06.2025;2300
300;1900001589;EL;0000200009;2025-09-15;2200
300;1900001590;EL;0000200009;2025-09-27;2200
300;1900001591;EL;0000200009;2025-10-06;2200
300;1900001592;EL;0000200009;2025-10-11;2100
300;1900001593;EL;0000200009;2025-10-19;2100
300;1900001594;EL;0000200009;2025-10-20;2100
300;1900001595;EL;0000200009;2025-11-10;2100
300;1900001596;EL;0000200009;2025-11-17;2100
300;1900001597;EL;0000200012;2026-04-26;2200
300;1900001598;EL;0000200012;2026-05-01;2200
300;1900001599;EL;0000200012;2026-06-04;2200
300;1900001600;EL;0000200012;2026-06-06;2000
300;1900001601;EL;0000200012;2026-05-02;2000
300;1900001602;EL;0000200012;2026-05-10;2000
300;1900001603;EL;0000200005;2025-02-17;2200
300;1900001604;EL;0000200005;2025-03-08;2200
300;1900001605;EL;0000200005;2025-01-29;2200
300;1900001606;EL;0000200005;2025-02-20;2200
300;1900001607;EL;0000200005;2025-02-28;2200
300;1900001608;EL;0000200010;2026-03-26;2100
300;1900001609;EL;0000200010;2026-03-23;2100
300;1900001610;EL;200010;2026-03-10;2300
300;1900001611;EL;0000200010;2026-03-31;2300
300;1900001612;EL;0000200010;2026-04-17;2300
300;1900001613;EL;0000200010;;2300
300;1900001614;EL;0000200007;2026-01-11;2100
300;1900001615;EL;0000200007;2026-02-01;2100
300;1900001616;EL;0000200007;2026-01-30;2200
300;1900001617;EL;0000200007;2026-02-21;2200
300;1900001618;EL;0000200007;2026-03-12;2200
300;1900001619;EL;0000200007;2025-08-18;2000
300;1900001620;EL;0000200007;2025-09-02;2000
300;1900001621;EL;0000200007;2025-09-08;2000
300;1900001622;EL;0000200013;2025-12-23;2200
300;1900001623;EL;0000200014;21.04.2026;2100
300;1900001624;EL;0000200014;2026-05-09;2100
300;1900001625;EL;0000200014;2026-05-05;2000
300;1900001626;EL;0000200014;2026-05-28;2000
300;1900001627;EL;0000200014;2026-06-11;2000
300;1900001628;EL;0000200014;2026-06-18;2000
300;1900001629;EL;0000200014;2026-04-22;2200
300;1900001630;EL;0000200014;2026-04-29;2200
300;1900001631;EL;200015;2026-05-27;2100
300;1900001632;EL;0000200015;2026-06-23;2100
300;1900001633;EL;0000200015;2026-07-01;2100
300;1900001634;EL;0000200015;2026-05-27;2200
300;1900001635;EL;0000200015;2026-06-15;2200
300;1900001636;EL;0000200015;2026-05-21;2100
300;1900001637;EL;0000200015;2026-05-24;2100
300;1900001638;EL;0000200015;2026-05-02;2300
300;1900001639;EL;0000200015;2026-05-23;2300
300;1900001640;EL;0000200011;2026-05-14;2000
300;1900001641;EL;0000200011;2026-05-19;2000
300;1900001642;EL;0000200011;2026-06-07;2000
300;1900001643;EL;0000200013;2025-10-14;2200
300;1900001644;EL;0000200013;2025-11-07;2200
300;1900001645;EL;0000200014;2025-12-02;2000
300;1900001646;EL;0000200014;2025-12-12;2100
300;1900001647;EL;0000200014;2025-12-14;2100
300;1900001648;EL;0000200014;2025-12-02;2200
300;1900001649;EL;0000200014;2025-12-16;2200
300;1900001650;EL;0000200014;2025-11-25;2200
300;1900001651;EL;0000200014;2025-12-04;2200
300;1900001652;EL;0000200009;2026-04-19;2000
300;1900001653;EL;0000200009;2026-04-23;2000
300;1900001654;EL;0000200008;2026-06-26;2000
300;1900001655;EL;0000200008;2026-07-06;2300
300;1900001656;EL;200008;2026-07-10;2300
300;1900001657;EL;0000200008;2026-06-28;2100
300;1900001658;EL;0000200008;03.07.2026;2100
300;1900001659;EL;0000200008;2026-07-15;2100
300;1900001660;EL;0000200008;2026-08-10;2100
300;1900001661;EL;0000200013;2026-06-15;2100
300;1900001662;EL;0000200013;2026-06-26;2100
300;1900001663;EL;0000200009;2025-06-21;2000
300;1900001664;EL;0000200009;2025-06-30;2000
300;1900001665;EL;0000200009;2025-08-04;2000
300;1900001666;EL;0000200009;2025-08-09;2000
300;1900001667;EL;0000200009;2026-06-22;2100
300;1900001668;EL;0000200009;2026-06-15;2200
300;1900001669;EL;0000200009;2026-06-27;2100
300;1900001670;EL;0000200009;2026-07-05;2100
300;1900001671;EL;0000200009;2026-07-03;2100
300;1900001672;EL;0000200009;2026-07-22;2100
300;1900001673;EL;0000200012;2026-01-17;2200
300;1900001674;EL;0000200012;2026-01-30;2200
300;1900001675;EL;0000200012;2026-02-17;2100
300;1900001676;EL;0000200012;2026-02-27;2100
300;1900001677;EL;0000200012;2026-02-12;2100
300;1900001678;EL;0000200012;2026-03-07;2100
300;1900001679;EL;0000200012;2026-03-28;2100
300;1900001680;EL;0000200005;2026-01-02;2300
300;1900001681;EL;0000200005;2026-01-10;2300
300;1900001682;EL;0000200005;2026-01-23;2300
300;1900001683;EL;0000200005;2026-02-12;2300
300;1900001684;EL;0000200005;2026-02-21;2300
300;1900001685;EL;0000200005;2026-01-18;2100
300;1900001686;EL;0000200005;2025-12-30;2300
300;1900001687;EL;0000200005;2026-01-23;2300
300;1900001688;EL;0000200005;26.01.2026;2300
300;1900001689;EL;0000200005;2026-02-23;2300
300;1900001690;EL;0000200008;2025-05-14;2100
300;1900001691;EL;0000200008;2025-06-08;2100
300;1900001692;EL;0000200008;2025-05-19;2200
300;1900001693;EL;0000200008;2025-05-23;2200
300;1900001694;EL;0000200008;2025-06-16;2200
300;1900001695;EL;0000200008;2025-06-21;2200
300;1900001696;EL;0000200008;2025-07-01;2200
300;1900001697;EL;0000200008;2025-07-07;2200
300;1900001698;EL;0000200015;2025-03-26;2200
300;1900001699;EL;0000200015;2025-04-20;2200
300;1900001700;EL;0000200015;2025-04-18;2200
300;1900001701;EL;0000200015;2025-03-15;2200
300;1900001702;EL;0000200015;2025-03-18;2200
300;1900001703;EL;0000200015;2025-04-04;2200
300;1900001704;EL;0000200015;2025-04-12;2200
300;1900001705;EL;0000200015;2025-03-01;2300
300;1900001706;EL;0000200015;2025-03-19;2300
300;1900001707;EL;0000200015;2025-04-13;2300
300;1900001708;EL;0000200015;2025-04-18;2300
300;1900001709;EL;0000200015;2025-02-25;2200
300;1900001710;EL;0000200015;2025-03-12;2200
300;1900001711;EL;0000200015;2025-03-16;2200
300;1900001712;EL;0000200011;2025-10-19;2100
300;1900001713;EL;0000200011;2025-09-27;2300
300;1900001714;EL;0000200011;2025-11-03;2300
300;1900001715;EL;0000200011;2025-11-12;2300
300;1900001716;EL;0000200011;2025-11-13;2300
300;1900001717;EL;0000200002;2026-01-11;2300
300;1900001718;EL;200002;2026-01-17;2300
300;1900001719;EL;0000200002;2026-01-29;2300
300;1900001720;EL;0000200002;2026-01-08;2200
300;1900001721;EL;0000200002;2026-02-02;2000
300;1900001722;EL;0000200002;2026-02-11;2000
300;1900001723;EL;0000200002;2026-02-19;2000
300;1900001724;EL;0000200012;14.09.2025;2100
300;1900001725;EL;0000200008;2026-01-13;2000
300;1900001726;EL;0000200008;2026-01-16;2000
300;1900001727;EL;0000200008;2026-02-03;2000
300;1900001728;EL;0000200009;2025-07-10;2200
300;1900001729;EL;0000200009;2025-07-20;2200
300;1900001730;EL;0000200015;2026-03-05;2100
300;1900001731;EL;0000200015;2026-03-16;2100
300;1900001732;EL;0000200015;2026-04-06;2100
300;1900001733;EL;0000200015;2026-03-18;2200
300;1900001734;EL;0000200015;25.03.2026;2200
300;1900001735;EL;0000200015;2026-03-17;2200
300;1900001736;EL;0000200015;2026-03-19;2200
300;1900001737;EL;0000200015;2026-03-29;2200
300;1900001738;EL;0000200015;2026-03-29;2200
300;1900001739;EL;0000200015;2026-04-02;2200
300;1900001740;EL;0000200004;2025-04-23;2100
300;1900001741;EL;0000200004;2025-04-26;2100
300;1900001742;EL;0000200004;2025-04-30;2100
300;1900001743;EL;0000200004;2025-05-30;2100
300;1900001744;EL;0000200004;2025-06-03;2100
300;1900001745;EL;0000200014;2025-02-17;2100
300;1900001746;EL;200014;2025-03-13;2100
300;1900001747;EL;0000200014;2025-03-19;2100
300;1900001748;EL;0000200014;2025-03-17;2000
300;1900001749;EL;0000200014;2025-02-17;2000
300;1900001750;EL;0000200014;2025-02-25;2000
300;1900001751;EL;0000200014;2026-04-07;2100
300;1900001752;EL;0000200014;2026-05-01;2100
300;1900001753;EL;0000200014;2026-05-06;2100
300;1900001754;EL;0000200014;2026-05-19;2100
300;1900001755;EL;0000200014;2026-05-11;2300
300;1900001756;EL;0000200007;2025-01-20;2300
300;1900001757;EL;0000200007;2025-01-23;2300
300;1900001758;EL;0000200007;2025-01-31;2300
300;1900001759;EL;0000200007;2025-02-21;2300
300;1900001760;EL;0000200007;2025-07-21;2000
300;1900001761;EL;0000200007;2025-07-23;2000
300;1900001762;EL;0000200007;2025-07-30;2000
300;1900001763;EL;0000200007;2025-08-27;2000
300;1900001764;EL;0000200007;2025-08-10;2000
300;1900001765;EL;0000200002;2025-10-01;2300
300;1900001766;EL;0000200002;2025-10-10;2300
300;1900001767;EL;0000200002;2026-04-05;2200
300;1900001768;EL;0000200002;2026-04-06;2000
300;1900001769;EL;0000200002;2026-04-14;2000
300;1900001770;EL;0000200002;2026-04-28;2000
300;1900001771;EL;0000200002;2026-04-30;2000
300;1900001772;EL;0000200012;2025-03-08;2200
300;1900001773;EL;0000200013;2025-09-05;2100
300;1900001774;EL;0000200013;2025-09-11;2100
300;1900001775;EL;0000200013;2025-09-25;2300
300;1900001776;EL;0000200013;2025-10-03;2300
300;1900001777;EL;0000200005;2025-07-07;2100
300;1900001778;EL;0000200005;2025-08-10;2100
300;1900001779;EL;0000200005;2025-08-18;2100
300;1900001780;EL;0000200011;2026-06-13;2100
300;1900001781;EL;0000200011;2026-06-24;2100
300;1900001782;EL;0000200011;2026-06-02;2100
300;1900001783;EL;0000200011;2026-07-11;2100
300;1900001784;EL;0000200011;2026-06-16;2200
300;1900001785;EL;0000200011;2026-07-20;2200
300;1900001786;EL;0000200015;2025-03-27;2100
300;1900001787;EL;0000200015;2025-04-03;2100
300;1900001788;EL;0000200015;2025-04-12;2100
300;1900001789;EL;0000200015;2025-03-06;2300
300;1900001790;EL;0000200015;2025-03-28;2300
300;1900001791;EL;0000200015;2025-03-31;2300
300;1900001792;EL;0000200015;2025-03-30;2200
300;1900001793;EL;0000200015;2025-04-05;2200
300;1900001794;EL;0000200015;2025-03-18;2300
300;1900001795;EL;0000200013;2025-05-01;2000
300;1900001796;EL;0000200013;2025-05-21;2000
300;1900001797;EL;0000200013;2025-05-06;2000
300;1900001798;EL;0000200007;2025-06-13;2100
300;1900001799;EL;0000200007;2025-07-10;2100
300;1900001800;EL;0000200009;2026-01-01;2000
300;1900001801;EL;0000200009;2026-01-25;2000
300;1900001802;EL;0000200009;2026-01-26;2000
300;1900001803;EL;0000200009;03.01.2026;2200
300;1900001804;EL;0000200009;2025-12-21;2200
300;1900001805;EL;0000200009;2026-01-09;2200
300;1900001806;EL;0000200009;2026-01-16;2200
300;1900001807;EL;0000200011;2026-04-26;2200
300;1900001808;EL;0000200011;2026-05-02;2300
300;1900001809;EL;0000200011;2026-05-10;2300
300;1900001810;EL;0000200014;2025-03-27;2200
300;1900001811;EL;0000200014;2025-04-21;2300
300;1900001812;EL;0000200014;2025-04-28;2300
300;1900001813;EL;0000200006;2025-11-13;2000
300;1900001814;EL;0000200006;2025-11-21;2000
300;1900001815;EL;0000200010;2026-04-19;2100
300;1900001816;EL;0000200010;2026-05-14;2100
300;1900001817;EL;0000200008;2026-04-19;2300
300;1900001818;EL;0000200009;2025-09-20;2100
300;1900001819;EL;0000200002;2025-03-03;2000
300;1900001820;EL;0000200002;2025-03-22;2000
300;1900001821;EL;0000200002;2025-02-22;2100
300;1900001822;EL;0000200011;2025-10-29;2200
300;1900001823;EL;0000200011;2025-11-03;2200
300;1900001824;EL;0000200011;2025-11-27;2200
300;1900001825;EL;0000200011;2025-12-10;2200
300;1900001826;EL;0000200011;2025-10-27;2000
300;1900001827;EL;0000200011;2025-11-03;2000
300;1900001828;EL;0000200004;2025-12-19;2000
300;1900001829;EL;0000200004;2026-01-05;2000
300;1900001830;EL;0000200004;2026-01-07;2300
300;1900001831;EL;0000200004;2026-01-10;2300
300;1900001832;EL;0000200004;2026-01-12;2300
300;1900001833;EL;0000200004;2026-02-06;2300
300;1900001834;EL;0000200004;2025-02-10;2100
300;1900001835;EL;0000200015;2025-12-26;2000
300;1900001836;EL;0000200015;2026-01-24;2000
300;1900001837;EL;0000200015;2025-12-03;2000
300;1900001838;EL;0000200015;2025-12-30;2000
300;1900001839;EL;200015;2026-01-06;2000
300;1900001840;EL;0000200015;2025-11-29;2300
300;1900001841;EL;0000200015;2025-12-14;2300
300;1900001842;EL;0000200005;18.08.2025;2100
300;1900001843;EL;0000200005;2025-08-23;2100
300;1900001844;EL;0000200005;2025-08-09;2100
300;1900001845;EL;0000200005;2025-08-12;2100
300;1900001846;EL;0000200005;2025-08-30;2100
300;1900001847;EL;0000200005;2025-09-03;2100
300;1900001848;EL;0000200005;2025-09-24;2100
300;1900001849;EL;0000200002;2026-04-29;2100
300;1900001850;EL;0000200002;2026-05-05;2300
300;1900001851;EL;0000200002;2026-05-21;2300
300;1900001852;EL;200002;2026-05-25;2300
300;1900001853;EL;0000200002;2026-06-15;2300
300;1900001854;EL;0000200002;2026-07-11;2300
300;1900001855;EL;0000200013;2025-02-12;2000
300;1900001856;EL;0000200013;2025-02-21;2000
300;1900001857;EL;0000200013;2025-03-09;2000
300;1900001858;EL;0000200013;2025-02-18;2200
300;1900001859;EL;0000200013;2025-02-21;2200
300;1900001860;EL;0000200013;2025-02-11;2200
300;1900001861;EL;0000200013;2025-02-23;2200
300;1900001862;EL;0000200004;2026-01-31;2200
300;1900001863;EL;0000200004;2026-02-08;2200
300;1900001864;EL;0000200006;2026-06-12;2000
300;1900001865;EL;0000200006;2026-06-17;2000
300;1900001866;EL;0000200006;2026-05-27;2200
300;1900001867;EL;0000200006;2026-05-31;2200
300;1900001868;EL;0000200006;2026-06-06;2200
300;1900001869;EL;0000200006;2026-05-10;2100
300;1900001870;EL;0000200006;2026-05-24;2100
300;1900001871;EL;0000200008;2026-07-25;2000
300;1900001872;EL;0000200008;2026-07-31;2000
300;1900001873;EL;0000200008;2026-08-10;2000
300;1900001874;EL;0000200008;2026-07-12;2300
300;1900001875;EL;0000200007;2025-08-31;2000
300;1900001876;EL;0000200007;2025-09-12;2000
300;1900001877;EL;0000200007;2025-10-03;2000
300;1900001878;EL;0000200007;2025-08-26;2300
300;1900001879;EL;0000200007;2025-08-17;2300
300;1900001880;EL;0000200007;2025-08-23;2300
300;1900001881;EL;0000200007;2025-09-13;2300
300;1900001882;EL;0000200007;2025-08-10;2100
300;1900001883;EL;0000200007;2025-08-15;2100
300;1900001884;EL;0000200001;2025-11-27;2100
300;1900001885;EL;0000200001;2025-12-01;2100
300;1900001886;EL;0000200001;2025-12-10;2100
300;1900001887;EL;0000200001;2025-12-10;2100
300;1900001888;EL;0000200011;2025-09-18;2200
300;1900001889;EL;0000200011;2025-10-26;2000
300;1900001890;EL;0000200009;2025-08-12;2000
300;1900001891;EL;0000200009;2025-09-08;2000
300;1900001892;EL;0000200009;2025-09-09;2000
300;1900001893;EL;0000200009;2025-10-01;2000
300;1900001894;EL;0000200009;2025-09-07;2200
300;1900001895;EL;0000200009;2025-09-11;2200
300;1900001896;EL;0000200004;2025-04-30;2300
300;1900001897;EL;0000200004;2025-05-19;2300
300;1900001898;EL;0000200004;2025-05-20;2000
300;1900001899;EL;0000200004;2025-06-10;2000
300;1900001900;EL;0000200005;2025-08-25;2100
300;1900001901;EL;0000200005;2025-08-04;2300
300;1900001902;EL;0000200005;2025-08-28;2000
300;1900001903;EL;0000200005;2025-09-05;2100
300;1900001904;EL;0000200005;2025-09-10;2100
300;1900001905;EL;0000200013;2025-11-27;2000
300;1900001906;EL;0000200013;2025-12-08;2000
300;1900001907;EL;0000200012;2025-07-23;2000
300;1900001908;EL;0000200012;2025-08-01;2000
300;1900001909;EL;0000200012;2025-08-18;2000
300;1900001910;EL;0000200012;2025-09-03;2000
300;1900001911;EL;0000200012;2025-07-13;2300
300;1900001912;EL;0000200012;2025-06-21;2200
300;1900001913;EL;0000200012;2025-07-24;2200
300;1900001914;EL;0000200012;2025-08-13;2200
300;1900001915;EL;0000200007;2025-04-11;2200
300;1900001916;EL;0000200007;2025-04-24;2200
300;1900001917;EL;0000200007;2025-04-28;2200
300;1900001918;EL;0000200007;2025-04-14;2000
300;1900001919;EL;0000200007;2025-04-27;2000
300;1900001920;EL;0000200007;2025-05-01;2000
300;1900001921;EL;0000200007;2025-05-12;2000
300;1900001922;EL;0000200008;2025-06-11;2300
300;1900001923;EL;0000200008;2025-06-18;2300
300;1900001924;EL;0000200008;2025-07-16;2300
300;1900001925;EL;0000200008;2025-06-05;2100
300;1900001926;EL;0000200008;2025-06-16;2100
300;1900001927;EL;0000200008;08.11.2025;2100
300;1900001928;EL;0000200008;2025-11-19;2100
300;1900001929;EL;0000200008;2025-12-09;2100
300;1900001930;EL;0000200009;2026-03-14;2100
300;1900001931;EL;0000200009;2026-03-09;2000
300;1900001932;EL;0000200009;2026-03-15;2000
300;1900001933;EL;0000200005;19.06.2025;2300
300;1900001934;EL;0000200008;2026-07-11;2200
300;1900001935;EL;0000200008;2026-07-14;2200
300;1900001936;EL;200008;2026-08-02;2300
300;1900001937;EL;0000200008;2026-08-21;2300
300;1900001938;EL;0000200008;2026-09-06;2300
300;1900001939;EL;0000200008;2026-08-01;2100
300;1900001940;EL;0000200008;2026-08-10;2100
300;1900001941;EL;0000200008;2026-08-12;2100
300;1900001942;EL;0000200008;2026-08-15;2100
300;1900001943;EL;0000200011;2025-08-30;2100
300;1900001944;EL;0000200006;2025-05-08;2300
300;1900001945;EL;0000200006;2025-05-11;2300
300;1900001946;EL;0000200006;2025-05-17;2300
300;1900001947;EL;0000200006;2025-06-06;2300
300;1900001948;EL;0000200006;2025-06-09;2300
300;1900001949;EL;0000200006;2025-04-15;2200
300;1900001950;EL;0000200006;2025-04-28;2200
300;1900001951;EL;0000200002;2026-02-17;2000
300;1900001952;EL;0000200007;2026-05-21;2000
300;1900001953;EL;0000200002;2026-06-09;2000
300;1900001954;EL;0000200013;2026-06-18;2300
300;1900001955;EL;0000200002;2026-06-23;2000
300;1900001956;EL;0000200011;2026-05-17;2000
300;1900001957;EL;0000200009;2026-04-21;2100
