MANDT;VBELN;POSNR;MATNR;LFIMG;MEINS;EBELN;EBELP;WERKS
300;1900001890;000010;000000005023;51.731;ST;4700001198;00010;2000
300;1900001340;000010;000000005015;53.450;ST;4700001080;00030;2300
300;1900001651;000010;000000005013;10.637;ROL;4700001144;00040;2200
300;1900001830;000010;000000005014;373.322;ST;4700001186;00020;2300
300;1900001594;000010;000000005023;35.985;ST;4700001133;00020;2100
300;1900001582;000010;000000005002;170.643;ST;4700001130;00040;2000
300;1900001631;000010;000000005003;33.323;ST;4700001141;00010;2100
300;1900001272;000010;000000005024;385.149;SAC;4700001065;00010;2300
300;1900001383;000010;5016;164.443;ST;4700001087;00030;2300
300;1900001386;000010;000000005013;1.097;ROL;4700001089;00010;2200
300;1900001485;000010;000000005008;210.514;M2;4700001110;00010;2000
300;1900001945;000010;000000005009;27.096;SAC;4700001210;00010;2300
300;1900001938;000010;000000005010;137.697;ST;4700001208;00030;2300
300;1900001004;000010;000000005008;216.670;M2;4700001001;00020;2200
300;1900001420;000010;000000005007;84.971;ST;4700001095;00030;2300
300;1900001660;000010;000000005011;148.448;ST;4700001147;00030;2100
300;1900001675;000010;000000005004;40.739;M2;4700001151;00020;2100
300;1900001360;000010;000000005013;18.389;ROL;4700001083;00010;2100
300;1900001385;000010;000000005019;63.697;EIM;4700001088;00010;2200
300;1900001465;000010;000000005008;761.000;M2;4700001106;00020;2300
300;1900001734;000010;000000005002;128.419;ST;4700001160;00020;2200
300;1900001404;000010;000000005023;11.159;ST;4700001092;00010;2100
300;1900001624;000010;000000005013;17.482;ROL;4700001140;00010;2100
300;1900001028;000010;000000005003;700.000;ST;4700001009;00010;2000
300;1900001725;000010;000000005010;58.548;ST;4700001158;00010;2000
300;1900001175;000010;5022;102.243;M2;4700001047;00040;2300
300;1900001614;000010;000000005022;246.918;M2;4700001137;00010;2100
300;1900001053;000010;5018;43.713;EIM;4700001014;00020;2200
300;1900001103;000010;000000005003;597.000;ST;4700001028;00030;2100
300;1900001032;000010;000000005023;99.439;ST;4700001010;00010;2300
300;1900001838;000010;000000005003;130.463;ST;4700001188;00030;2000
300;1900001253;000010;000000005004;300.168;M2;4700001062;00020;2200
300;1900001321;000010;000000005001;32.572;SAC;4700001076;00010;2100
300;1900001903;000010;000000005017;289.834;ST;4700001200;00040;2100
300;1900001308;000010;000000005008;31.956;M2;4700001071;00020;2300
300;1900001243;000010;000000005004;477.000;M2;4700001059;00040;2000
300;1900001674;000010;000000005005;107.310;M2;4700001151;00010;2200
300;1900001632;000010;000000005003;7.848;ST;4700001141;00010;2100
300;1900001756;000010;000000005020;44.960;TO;4700001165;00010;2300
300;1900001101;000010;000000005003;87.945;ST;4700001028;00020;2300
300;1900001200;000010;000000005014;9.093;ST;4700001052;00010;2200
300;1900001883;000010;000000005021;51.005;TO;4700001195;00040;2100
300;1900001251;000010;000000005006;85.522;ST;4700001061;00020;2200
300;1900001649;000010;000000005012;230.156;ST;4700001144;00030;2200
300;1900001195;000010;000000005009;156.731;SAC;4700001051;00020;2200
300;1900001821;000010;000000005004;340.000;M2;4700001183;00020;2100
300;1900001706;000010;000000005002;137.942;ST;4700001154;00030;2300
300;1900001507;000010;000000005009;405.847;SAC;4700001115;00020;2200
300;1900001306;000010;000000005008;4.816;M2;4700001071;00020;2300
300;1900001086;000010;000000005013;17.682;ROL;4700001025;00010;2000
300;1900001794;000010;000000005002;200.000;ST;4700001173;00040;2300
300;1900001774;000010;000000005019;18.887;EIM;4700001170;00010;2100
300;1900001045;000010;000000005007;469.615;ST;4700001012;00020;2200
300;1900001630;000010;000000005013;13.331;ROL;4700001140;00030;2200
300;1900001348;000010;000000005008;365.145;M2;4700001081;00010;2200
300;1900001238;000010;000000005006;423.064;ST;4700001058;00040;2000
300;1900001269;000010;000000005003;368.809;ST;4700001064;00020;2200
300;1900001057;000010;000000005023;55.001;ST;4700001015;00010;2100
300;1900001766;000010;000000005004;304.342;M2;4700001167;00010;2300
300;1900001006;000010;000000005015;14.001;ST;4700001003;00010;2000
300;1900001449;000010;000000005001;134.072;SAC;4700001102;00010;2200
300;1900001745;000010;000000005012;118.954;ST;4700001163;00010;2100
300;1900001072;000010;000000005002;36.385;ST;4700001020;00030;2300
300;1900001553;000010;000000005022;144.535;M2;4700001126;00030;2100
300;1900001715;000010;000000005002;61.386;ST;4700001155;00020;2300
300;1900001024;000010;000000005009;140.317;SAC;4700001007;00020;2200
300;1900001617;000010;000000005022;47.596;M2;4700001137;00020;2200
300;1900001506;000010;000000005012;332.000;ST;4700001114;00030;2200
300;1900001300;000010;000000005010;47.163;ST;4700001070;00030;2300
300;1900001471;000010;000000005009;32.237;SAC;4700001108;00020;2000
300;1900001074;000010;000000005022;439.645;M2;4700001020;00040;2200
300;1900001144;000010;000000005006;670.000;ST;4700001038;00010;2300
300;1900001412;000010;000000005007;97.279;ST;4700001095;00010;2300
300;1900001639;000010;000000005002;74.485;ST;4700001141;00040;2300
300;1900001477;000010;5009;301.653;SAC;4700001108;00030;2200
300;1900001149;000010;000000005020;118.639;TO;4700001041;00010;2200
300;1900001484;000010;000000005008;366.003;M2;4700001110;00010;2000
300;1900001466;000010;000000005022;498.674;M2;4700001107;00020;2000
300;1900001120;000010;000000005008;3.069;M2;4700001032;00010;2200
300;1900001331;000010;000000005017;18.170;ST;4700001077;00020;2000
300;1900001307;000010;000000005008;15.228;M2;4700001071;00020;2300
300;1900001670;000010;000000005023;55.110;ST;4700001150;00030;2100
300;1900001469;000010;000000005020;25.000;TO;4700001107;00040;2100
300;1900001060;000010;000000005016;136.393;ST;4700001016;00010;2000
300;1900001208;000010;000000005005;452.911;M2;4700001054;00020;2000
300;1900001493;000010;000000005002;473.000;ST;4700001112;00010;2000
300;1900001880;000010;000000005021;39.493;TO;4700001195;00030;2300
300;1900001550;000010;000000005020;16.413;TO;4700001126;00020;2100
300;1900001846;000010;000000005016;18.982;ST;4700001189;00020;2100
300;1900001226;000010;000000005012;13.105;ST;4700001057;00030;2100
300;1900001729;000010;000000005023;304.527;ST;4700001159;00010;2200
300;1900001504;000010;000000005012;334.581;ST;4700001114;00020;2300
300;1900001854;000010;000000005005;163.674;M2;4700001190;00030;2300
300;1900001354;000010;000000005001;137.420;SAC;4700001082;00020;2000
300;1900001619;000010;000000005022;214.331;M2;4700001138;00010;2000
300;1900001134;000010;000000005015;302.124;ST;4700001036;00010;2200
300;1900001927;000010;000000005010;190.879;ST;4700001205;00010;2100
300;1900001741;000010;000000005015;78.099;ST;4700001162;00010;2100
300;1900001721;000010;000000005005;59.141;M2;4700001156;00030;2000
300;1900001496;000010;000000005022;135.175;M2;4700001112;00020;2200
300;1900001341;000010;000000005015;8.658;ST;4700001080;00030;2300
300;1900001399;000010;000000005001;53.948;SAC;4700001090;00010;2300
300;1900001895;000010;000000005023;343.707;ST;4700001198;00030;2200
300;1900001920;000010;000000005022;175.098;M2;4700001203;00030;2000
300;1900001051;000010;000000005018;6.632;EIM;4700001013;00020;2300
300;1900001809;000010;000000005002;20.295;ST;4700001177;00020;2300
300;1900001392;000010;000000005013;4.059;ROL;4700001089;00030;2100
300;1900001172;000010;000000005022;308.039;M2;4700001047;00030;2100
300;1900001026;000010;000000005023;240.779;ST;4700001008;00020;2100
300;1900001633;000010;000000005003;4.829;ST;4700001141;00010;2100
300;1900001711;000010;000000005001;137.391;SAC;4700001154;00040;2200
300;1900001562;000010;000000005011;285.963;ST;4700001127;00040;2200
300;1900001422;000010;000000005005;61.000;M2;4700001096;00010;2000
300;1900001264;000010;000000005003;6.838;ST;4700001064;00010;2100
300;1900001637;000010;000000005001;61.870;SAC;4700001141;00030;2100
300;1900001757;000010;000000005020;42.826;TO;4700001165;00010;2300
300;1900001223;000010;000000005012;187.176;ST;4700001057;00020;2000
300;1900001145;000010;000000005006;546.000;ST;4700001038;00020;2000
300;1900001233;000010;000000005007;361.833;ST;4700001058;00020;2300
300;1900001302;000010;000000005011;119.694;ST;4700001070;00040;2000
300;1900001260;000010;000000005001;549.061;SAC;4700001063;00030;2100
300;1900001042;000010;000000005024;279.841;SAC;4700001012;00010;2200
300;1900001616;000010;000000005022;191.279;M2;4700001137;00020;2200
300;1900001293;000010;000000005010;30.352;ST;4700001070;00020;2200
300;1900001330;000010;000000005017;10.484;ST;4700001077;00020;2000
300;1900001742;000010;000000005015;271.374;ST;4700001162;00010;2100
300;1900001377;000010;000000005015;494.526;ST;4700001086;00020;2000
300;1900001680;000010;5016;36.289;ST;4700001152;00010;2300
300;1900001014;000010;000000005010;181.568;ST;4700001005;00010;2200
300;1900001456;000010;000000005023;343.063;ST;4700001104;00010;2200
300;1900001585;000010;000000005012;22.283;ST;4700001131;00010;2300
300;1900001455;000010;000000005017;527.000;ST;4700001103;00020;2000
300;1900001161;000010;000000005012;192.000;ST;4700001043;00040;2000
300;1900001657;000010;000000005011;118.363;ST;4700001147;00030;2100
300;1900001036;000010;000000005023;124.182;ST;4700001010;00020;2300
300;1900001642;000010;000000005009;351.007;SAC;4700001142;00010;2000
300;1900001276;000010;000000005001;585.000;SAC;4700001066;00010;2100
300;1900001805;000010;000000005023;98.770;ST;4700001176;00030;2200
300;1900001291;000010;000000005011;16.071;ST;4700001070;00010;2200
300;1900001889;000010;000000005008;177.000;M2;4700001197;00020;2000
300;1900001762;000010;000000005021;42.191;TO;4700001166;00010;2000
300;1900001728;000010;000000005023;283.473;ST;4700001159;00010;2200
300;1900001236;000010;000000005006;66.873;ST;4700001058;00040;2000
300;1900001922;000010;000000005010;131.928;ST;4700001204;00010;2300
300;1900001540;000010;000000005008;142.184;M2;4700001124;00030;2000
300;1900001668;000010;000000005023;439.000;ST;4700001150;00020;2200
300;1900001759;000010;000000005020;71.438;TO;4700001165;00010;2300
300;1900001502;000010;000000005012;107.772;ST;4700001114;00010;2300
300;1900001044;000010;000000005024;36.824;SAC;4700001012;00010;2200
300;1900001427;000010;000000005004;92.484;M2;4700001097;00020;2100
300;1900001475;000010;000000005009;301.098;SAC;4700001108;00030;2200
300;1900001620;000010;000000005022;88.567;M2;4700001138;00010;2000
300;1900001589;000010;000000005023;358.687;ST;4700001133;00010;2200
300;1900001763;000010;000000005021;28.279;TO;4700001166;00010;2000
300;1900001131;000010;000000005005;149.064;M2;4700001035;00010;2200
300;1900001584;000010;000000005012;8.053;ST;4700001131;00010;2300
300;1900001141;000010;000000005015;5.233;ST;4700001037;00010;2100
300;1900001572;000010;000000005005;17.178;M2;4700001129;00010;2300
300;1900001916;000010;000000005021;73.317;TO;4700001203;00010;2200
300;1900001266;000010;000000005003;25.847;ST;4700001064;00010;2100
300;1900001515;000010;000000005015;741.000;ST;4700001116;00020;2000
300;1900001389;000010;000000005012;353.186;ST;4700001089;00020;2100
300;1900001941;000010;000000005011;44.411;ST;4700001208;00040;2100
300;1900001035;000010;000000005023;112.098;ST;4700001010;00020;2300
300;1900001336;000010;000000005014;66.869;ST;4700001080;00010;2200
300;1900001519;000010;000000005021;12.971;TO;4700001118;00010;2000
300;1900001174;000010;000000005022;2.536;M2;4700001047;00030;2100
300;1900001812;000010;000000005013;7.837;ROL;4700001178;00020;2300
300;1900001122;000010;000000005008;190.089;M2;4700001032;00010;2200
300;1900001096;000010;000000005013;13.926;ROL;4700001027;00040;2300
300;1900001326;000010;000000005002;218.427;ST;4700001076;00040;2200
300;1900001193;000010;000000005001;164.102;SAC;4700001051;00010;2200
300;1900001139;000010;000000005015;97.023;ST;4700001036;00040;2200
300;1900001546;000010;000000005016;124.250;ST;4700001125;00010;2100
300;1900001148;000010;000000005008;246.977;M2;4700001040;00010;2200
300;1900001315;000010;000000005003;142.198;ST;4700001074;00010;2200
300;1900001437;000010;000000005008;126.531;M2;4700001100;00010;2000
300;1900001957;000010;5017;379.133;ST;4700009096;00020;2100
300;1900001521;000010;000000005021;9.067;TO;4700001118;00010;2000
300;1900001016;000010;000000005011;195.970;ST;4700001005;00020;2100
300;1900001859;000010;000000005019;26.638;EIM;4700001191;00020;2200
300;1900001915;000010;000000005021;78.812;TO;4700001203;00010;2200
300;1900001314;000010;000000005003;93.411;ST;4700001074;00010;2200
300;1900001224;000010;000000005012;110.705;ST;4700001057;00020;2000
300;1900001682;000010;000000005016;63.102;ST;4700001152;00010;2300
300;1900001164;000010;000000005014;18.423;ST;4700001045;00020;2000
300;1900001579;000010;000000005002;32.674;ST;4700001130;00030;2100
300;1900001560;000010;000000005011;501.907;ST;4700001127;00030;2100
300;1900001366;000010;000000005019;13.000;EIM;4700001084;00010;2000
300;1900001551;000010;000000005020;74.720;TO;4700001126;00020;2100
300;1900001601;000010;000000005005;84.323;M2;4700001134;00030;2000
300;1900001476;000010;000000005009;195.849;SAC;4700001108;00030;2200
300;1900001007;000010;000000005015;7.389;ST;4700001003;00010;2000
300;1900001866;000010;000000005008;44.088;M2;4700001193;00020;2200
300;1900001784;000010;5003;290.413;ST;4700001172;00030;2200
300;1900001005;000010;000000005009;355.000;SAC;4700001002;00010;2300
300;1900001063;000010;000000005004;230.131;M2;4700001018;00020;2300
300;1900001659;000010;000000005011;75.895;ST;4700001147;00030;2100
300;1900001824;000010;000000005003;75.076;ST;4700001184;00020;2200
300;1900001098;000010;000000005013;7.043;ROL;4700001027;00040;2300
300;1900001342;000010;000000005015;41.892;ST;4700001080;00030;2300
300;1900001121;000010;000000005008;97.659;M2;4700001032;00010;2200
300;1900001713;000010;000000005002;279.185;ST;4700001155;00020;2300
300;1900001037;000010;000000005023;45.427;ST;4700001010;00020;2300
300;1900001431;000010;000000005020;72.677;TO;4700001099;00020;2300
300;1900001095;000010;000000005012;561.202;ST;4700001027;00030;2000
300;1900001851;000010;000000005005;59.538;M2;4700001190;00030;2300
300;1900001305;000010;000000005009;1042.000;SAC;4700001071;00010;2000
300;1900001038;000010;000000005001;11.604;PAL;4700001011;00010;2300
300;1900001933;000010;000000005017;507.000;ST;4700001207;00010;2300
300;1900001110;000010;000000005021;39.243;TO;4700001031;00020;2100
300;1900001685;000010;000000005017;408.000;ST;4700001152;00020;2100
300;1900001152;000010;000000005001;2.966;PAL;4700001041;00020;2000
300;1900001075;000010;000000005022;75.399;M2;4700001020;00040;2200
300;1900001001;000010;000000005008;381.000;M2;4700001001;00010;2300
300;1900001219;000010;000000005012;268.472;ST;4700001057;00010;2200
300;1900001541;000010;000000005008;401.510;M2;4700001124;00030;2000
300;1900001565;000010;000000005001;105.494;SAC;4700001128;00010;2200
300;1900001143;000010;000000005015;18.547;ST;4700001037;00010;2100
300;1900001818;000010;5023;738.000;ST;4700001182;00010;2100
300;1900001163;000010;000000005014;350.000;ST;4700001045;00010;2000
300;1900001349;000010;000000005009;202.106;SAC;4700001081;00020;2200
300;1900001179;000010;000000005009;187.286;SAC;4700001048;00020;2200
300;1900001062;000010;000000005005;224.000;M2;4700001018;00010;2100
300;1900001387;000010;000000005013;2.170;ROL;4700001089;00010;2200
300;1900001853;000010;000000005005;202.383;M2;4700001190;00030;2300
300;1900001249;000010;000000005006;411.000;ST;4700001061;00010;2000
300;1900001278;000010;000000005001;407.580;SAC;4700001067;00020;2300
300;1900001184;000010;000000005003;19.979;ST;4700001049;00030;2200
300;1900001597;000010;000000005005;40.777;M2;4700001134;00010;2200
300;1900001491;000010;000000005008;259.344;M2;4700001111;00010;2300
300;1900001209;000010;000000005005;625.000;M2;4700001054;00030;2200
300;1900001142;000010;000000005015;8.140;ST;4700001037;00010;2100
300;1900001230;000010;000000005024;258.517;SAC;4700001058;00010;2300
300;1900001231;000010;000000005007;35.450;ST;4700001058;00020;2300
300;1900001025;000010;000000005023;56.000;ST;4700001008;00010;2000
300;1900001634;000010;000000005001;0.319;SAC;4700001141;00020;2200
300;1900001783;000010;000000005008;434.493;M2;4700001172;00020;2100
300;1900001603;000010;000000005017;103.274;ST;4700001135;00010;2200
300;1900001517;000010;000000005014;31.203;ST;4700001116;00030;2300
300;1900001451;000010;000000005001;126.506;SAC;4700001102;00010;2200
300;1900001462;000010;000000005024;240.588;SAC;4700001105;00010;2300
300;1900001240;000010;000000005004;851.000;M2;4700001059;00020;2200
300;1900001567;000010;000000005003;197.632;ST;4700001128;00020;2000
300;1900001046;000010;000000005018;15.869;EIM;4700001013;00010;2100
300;1900001828;000010;000000005014;135.616;ST;4700001186;00010;2000
300;1900001289;000010;000000005009;908.864;SAC;4700001069;00020;2100
300;1900001832;000010;000000005014;119.795;ST;4700001186;00030;2300
300;1900001797;000010;000000005018;62.000;EIM;4700001174;00020;2000
300;1900001723;000010;000000005005;99.872;M2;4700001156;00030;2000
300;1900001705;000010;000000005002;88.450;ST;4700001154;00030;2300
300;1900001664;000010;000000005023;61.419;ST;4700001149;00010;2000
300;1900001600;000010;000000005005;341.189;M2;4700001134;00020;2000
300;1900001468;000010;000000005020;69.685;TO;4700001107;00030;2200
300;1900001288;000010;000000005009;137.781;SAC;4700001069;00010;2000
300;1900001564;000010;000000005001;204.596;SAC;4700001128;00010;2200
300;1900001661;000010;000000005019;47.044;EIM;4700001148;00010;2100
300;1900001022;000010;000000005009;119.330;SAC;4700001007;00020;2200
300;1900001065;000010;000000005005;322.545;M2;4700001018;00030;2100
300;1900001587;000010;000000005012;140.281;ST;4700001131;00020;2300
300;1900001943;000010;000000005009;594.000;SAC;4700001209;00010;2100
300;1900001329;000010;000000005017;312.998;ST;4700001077;00020;2000
300;1900001746;000010;000000005012;13.194;ST;4700001163;00010;2100
300;1900001228;000010;000000005024;54.630;SAC;4700001058;00010;2300
300;1900001537;000010;000000005009;289.844;SAC;4700001124;00020;2100
300;1900001701;000010;000000005003;103.275;ST;4700001154;00020;2200
300;1900001391;000010;000000005012;152.642;ST;4700001089;00020;2100
300;1900001878;000010;000000005021;31.000;TO;4700001195;00020;2300
300;1900001402;000010;000000005001;64.000;SAC;4700001091;00020;2000
300;1900001815;000010;000000005024;399.393;SAC;4700001180;00010;2100
300;1900001628;000010;000000005012;48.528;ST;4700001140;00020;2000
300;1900001040;000010;000000005001;0.189;PAL;4700001011;00010;2300
300;1900001574;000010;000000005003;410.208;ST;4700001130;00010;2100
300;1900001271;000010;000000005024;130.957;SAC;4700001065;00010;2300
300;1900001374;000010;000000005014;65.541;ST;4700001086;00010;2200
300;1900001218;000010;000000005017;608.000;ST;4700001056;00030;2100
300;1900001505;000010;000000005012;286.419;ST;4700001114;00020;2300
300;1900001410;000010;000000005018;110.000;EIM;4700001094;00010;2100
300;1900001833;000010;000000005014;90.726;ST;4700001186;00030;2300
300;1900001764;000010;000000005020;114.941;TO;4700001166;00020;2000
300;1900001604;000010;000000005017;31.726;ST;4700001135;00010;2200
300;1900001503;000010;000000005012;391.138;ST;4700001114;00010;2300
300;1900001347;000010;000000005008;81.939;M2;4700001081;00010;2200
300;1900001400;000010;000000005008;107.679;M2;4700001091;00010;2300
300;1900001280;000010;000000005008;171.000;M2;4700001067;00030;2100
300;1900001508;000010;000000005009;208.733;SAC;4700001115;00020;2200
300;1900001162;000010;000000005006;393.000;ST;4700001044;00010;2100
300;1900001625;000010;000000005012;43.841;ST;4700001140;00020;2000
300;1900001750;000010;000000005012;266.594;ST;4700001163;00040;2000
300;1900001297;000010;000000005010;38.871;ST;4700001070;00030;2300
300;1900001695;000010;000000005011;22.053;ST;4700001153;00020;2200
300;1900001030;000010;000000005001;1.590;PAL;4700001009;00020;2200
300;1900001581;000010;000000005002;108.357;ST;4700001130;00040;2000
300;1900001501;000010;000000005012;144.090;ST;4700001114;00010;2300
300;1900001039;000010;000000005001;6.311;PAL;4700001011;00010;2300
300;1900001352;000010;000000005001;428.307;SAC;4700001082;00010;2300
300;1900001059;000010;000000005023;68.626;ST;4700001015;00010;2100
300;1900001441;000010;000000005009;386.620;SAC;4700001100;00020;2100
300;1900001061;000010;000000005016;285.328;ST;4700001016;00010;2000
300;1900001430;000010;000000005022;361.360;M2;4700001099;00010;2000
300;1900001008;000010;000000005015;607.610;ST;4700001003;00010;2000
300;1900001317;000010;000000005001;138.875;SAC;4700001074;00020;2100
300;1900001313;000010;000000005020;187.374;TO;4700001073;00010;2200
300;1900001488;000010;000000005009;415.517;SAC;4700001110;00020;2200
300;1900001902;000010;000000005016;317.663;ST;4700001200;00030;2000
300;1900001194;000010;000000005009;226.269;SAC;4700001051;00020;2200
300;1900001097;000010;000000005013;31.031;ROL;4700001027;00040;2300
300;1900001417;000010;000000005007;197.988;ST;4700001095;00020;2100
300;1900001217;000010;000000005017;325.867;ST;4700001056;00020;2100
300;1900001904;000010;000000005017;163.921;ST;4700001200;00040;2100
300;1900001244;000010;000000005023;438.000;ST;4700001060;00010;2200
300;1900001692;000010;000000005011;89.448;ST;4700001153;00020;2200
300;1900001084;000010;000000005003;75.091;ST;4700001024;00010;2000
300;1900001108;000010;000000005003;88.683;ST;4700001030;00010;2300
300;1900001533;000010;000000005004;168.000;M2;4700001122;00020;2200
300;1900001066;000010;000000005004;66.635;M2;4700001018;00040;2200
300;1900001673;000010;000000005005;348.690;M2;4700001151;00010;2200
300;1900001395;000010;000000005001;589.711;SAC;4700001090;00010;2300
300;1900001020;000010;000000005004;128.489;M2;4700001006;00020;2000
300;1900001768;000010;000000005004;298.309;M2;4700001168;00020;2000
300;1900001429;000010;000000005013;59.000;ROL;4700001098;00010;2300
300;1900001641;000010;000000005009;92.092;SAC;4700001142;00010;2000
300;1900001825;000010;000000005003;20.419;ST;4700001184;00020;2200
300;1900001857;000010;000000005019;46.412;EIM;4700001191;00010;2000
300;1900001396;000010;000000005001;270.289;SAC;4700001090;00010;2300
300;1900001407;000010;000000005017;62.100;ST;4700001093;00010;2100
300;1900001358;000010;000000005013;2.499;ROL;4700001083;00010;2100
300;1900001736;000010;000000005002;203.808;ST;4700001160;00020;2200
300;1900001911;000010;000000005005;90.927;M2;4700001202;00020;2300
300;1900001875;000010;000000005022;26.595;M2;4700001195;00010;2000
300;1900001732;000010;000000005001;107.720;SAC;4700001160;00010;2100
300;1900001135;000010;000000005014;363.000;ST;4700001036;00020;2100
300;1900001822;000010;000000005002;62.023;ST;4700001184;00010;2200
300;1900001898;000010;000000005014;245.419;ST;4700001199;00020;2000
300;1900001232;000010;000000005007;81.429;ST;4700001058;00020;2300
300;1900001944;000010;000000005009;16.625;SAC;4700001210;00010;2300
300;1900001356;000010;000000005022;358.000;M2;4700001082;00030;2000
300;1900001739;000010;000000005001;312.471;SAC;4700001160;00030;2200
300;1900001112;000010;000000005021;17.243;TO;4700001031;00030;2200
300;1900001460;000010;000000005023;152.497;ST;4700001104;00030;2000
300;1900001730;000010;000000005001;101.789;SAC;4700001160;00010;2100
300;1900001265;000010;000000005003;7.405;ST;4700001064;00010;2100
300;1900001712;000010;000000005003;249.000;ST;4700001155;00010;2100
300;1900001772;000010;000000005005;666.000;M2;4700001169;00010;2200
300;1900001646;000010;000000005012;176.304;ST;4700001144;00020;2100
300;1900001652;000010;000000005023;197.210;ST;4700001146;00010;2000
300;1900001835;000010;000000005001;573.545;SAC;4700001188;00010;2000
300;1900001168;000010;000000005020;146.403;TO;4700001047;00010;2300
300;1900001150;000010;000000005020;99.361;TO;4700001041;00010;2200
300;1900001401;000010;000000005008;137.321;M2;4700001091;00010;2300
300;1900001316;000010;000000005001;22.125;SAC;4700001074;00020;2100
300;1900001899;000010;000000005014;263.581;ST;4700001199;00020;2000
300;1900001127;000010;000000005010;182.212;ST;4700001034;00010;2100
300;1900001207;000010;000000005005;326.089;M2;4700001054;00020;2000
300;1900001850;000010;000000005005;65.441;M2;4700001190;00020;2300
300;1900001290;000010;000000005011;11.794;ST;4700001070;00010;2200
300;1900001686;000010;000000005017;1.447;ST;4700001152;00030;2300
300;1900001388;000010;000000005013;3.951;ROL;4700001089;00010;2200
300;1900001676;000010;000000005004;552.261;M2;4700001151;00020;2100
300;1900001606;000010;000000005017;13.106;ST;4700001135;00020;2200
300;1900001918;000010;000000005022;222.927;M2;4700001203;00030;2000
300;1900001545;000010;000000005016;75.392;ST;4700001125;00010;2100
300;1900001718;000010;000000005004;68.067;M2;4700001156;00010;2300
300;1900001923;000010;5010;145.450;ST;4700001204;00010;2300
300;1900001394;000010;000000005013;28.633;ROL;4700001089;00030;2100
300;1900001528;000010;000000005010;232.000;ST;4700001120;00030;2300
300;1900001181;000010;000000005002;208.114;ST;4700001049;00020;2200
300;1900001512;000010;000000005001;149.091;SAC;4700001115;00040;2300
300;1900001405;000010;000000005023;22.886;ST;4700001092;00010;2100
300;1900001043;000010;000000005024;77.851;SAC;4700001012;00010;2200
300;1900001076;000010;000000005022;162.956;M2;4700001020;00040;2200
300;1900001847;000010;000000005016;21.989;ST;4700001189;00020;2100
300;1900001520;000010;000000005021;7.197;TO;4700001118;00010;2000
300;1900001214;000010;000000005016;75.007;ST;4700001056;00010;2100
300;1900001865;000010;000000005009;483.864;SAC;4700001193;00010;2000
300;1900001852;000010;000000005005;53.963;M2;4700001190;00030;2300
300;1900001281;000010;000000005021;41.399;TO;4700001068;00010;2200
300;1900001080;000010;000000005005;263.718;M2;4700001022;00010;2000
300;1900001246;000010;000000005023;23.915;ST;4700001060;00020;2100
300;1900001257;000010;000000005003;283.265;ST;4700001063;00020;2100
300;1900001765;000010;000000005004;257.658;M2;4700001167;00010;2300
300;1900001693;000010;000000005011;161.204;ST;4700001153;00020;2200
300;1900001609;000010;000000005007;682.000;ST;4700001136;00020;2100
300;1900001842;000010;000000005016;195.226;ST;4700001189;00010;2100
300;1900001073;000010;000000005002;82.615;ST;4700001020;00030;2300
300;1900001419;000010;000000005007;104.531;ST;4700001095;00020;2100
300;1900001332;000010;5005;52.101;M2;4700001078;00010;2300
300;1900001393;000010;000000005013;12.308;ROL;4700001089;00030;2100
300;1900001542;000010;000000005002;290.770;ST;4700001124;00040;2200
300;1900001930;000010;000000005023;201.000;ST;4700001206;00010;2100
300;1900001940;000010;000000005011;96.367;ST;4700001208;00040;2100
300;1900001856;000010;000000005019;35.073;EIM;4700001191;00010;2000
300;1900001245;000010;000000005023;50.085;ST;4700001060;00020;2100
300;1900001227;000010;000000005024;53.260;SAC;4700001058;00010;2300
300;1900001296;000010;000000005010;31.041;ST;4700001070;00020;2200
300;1900001390;000010;000000005012;113.054;ST;4700001089;00020;2100
300;1900001190;000010;000000005023;288.163;ST;4700001050;00030;2300
300;1900001547;000010;000000005016;209.358;ST;4700001125;00010;2100
300;1900001558;000010;000000005010;6.329;ST;4700001127;00010;2100
300;1900001688;000010;000000005017;4.357;ST;4700001152;00030;2300
300;1900001605;000010;000000005017;19.002;ST;4700001135;00020;2200
300;1900001186;000010;000000005023;13.154;ST;4700001050;00010;2100
300;1900001481;000010;000000005012;195.345;ST;4700001109;00010;2300
300;1900001531;000010;000000005005;117.147;M2;4700001122;00010;2200
300;1900001015;000010;000000005011;170.030;ST;4700001005;00020;2100
300;1900001404;000010;000000005023;12.275;ST;4700001092;00010;2100
300;1900001799;000010;000000005020;57.490;TO;4700001175;00010;2100
300;1900001954;000010;000000005018;93.408;EIM;4700009029;00020;2300
300;1900001320;000010;000000005012;94.738;ST;4700001075;00010;2300
300;1900001250;000010;000000005006;517.478;ST;4700001061;00020;2200
300;1900001213;000010;000000005008;256.650;M2;4700001055;00020;2300
300;1900001153;000010;000000005001;2.021;PAL;4700001042;00010;2300
300;1900001530;000010;000000005001;414.925;SAC;4700001121;00010;2200
300;1900001702;000010;000000005003;95.109;ST;4700001154;00020;2200
300;1900001041;000010;000000005024;314.200;SAC;4700001012;00010;2200
300;1900001615;000010;000000005022;399.599;M2;4700001137;00010;2100
300;1900001881;000010;000000005021;73.665;TO;4700001195;00030;2300
300;1900001599;000010;000000005005;246.491;M2;4700001134;00010;2200
300;1900001839;000010;000000005003;67.741;ST;4700001188;00030;2000
300;1900001687;000010;000000005017;4.913;ST;4700001152;00030;2300
300;1900001514;000010;000000005015;558.000;ST;4700001116;00010;2100
300;1900001566;000010;000000005003;70.702;ST;4700001128;00020;2000
300;1900001925;000010;000000005010;109.704;ST;4700001204;00020;2100
300;1900001640;000010;000000005009;107.901;SAC;4700001142;00010;2000
300;1900001472;000010;000000005009;623.614;SAC;4700001108;00020;2000
300;1900001068;000010;000000005009;389.000;SAC;4700001019;00010;2000
300;1900001077;000010;000000005017;290.986;ST;4700001021;00010;2200
300;1900001714;000010;000000005002;76.603;ST;4700001155;00020;2300
300;1900001234;000010;000000005007;51.987;ST;4700001058;00030;2000
300;1900001178;000010;000000005008;484.826;M2;4700001048;00010;2000
300;1900001669;000010;000000005023;37.321;ST;4700001150;00030;2100
300;1900001826;000010;000000005008;46.777;M2;4700001184;00030;2000
300;1900001283;000010;5020;23.963;TO;4700001068;00020;2200
300;1900001262;000010;000000005001;162.940;SAC;4700001063;00030;2100
300;1900001426;000010;000000005004;105.592;M2;4700001097;00020;2100
300;1900001861;000010;000000005018;24.070;EIM;4700001191;00030;2200
300;1900001365;000010;000000005013;49.432;ROL;4700001083;00040;2000
300;1900001523;000010;000000005008;60.264;M2;4700001119;00010;2000
300;1900001592;000010;000000005023;77.562;ST;4700001133;00020;2100
300;1900001241;000010;000000005004;553.763;M2;4700001059;00030;2200
300;1900001204;000010;000000005023;222.914;ST;4700001053;00010;2300
300;1900001495;000010;000000005022;97.139;M2;4700001112;00020;2200
300;1900001368;000010;5019;18.344;EIM;4700001084;00020;2100
300;1900001435;000010;000000005021;7.242;TO;4700001099;00030;2300
300;1900001699;000010;000000005003;348.084;ST;4700001154;00010;2200
300;1900001948;000010;000000005009;223.530;SAC;4700001210;00010;2300
300;1900001294;000010;000000005010;25.153;ST;4700001070;00020;2200
300;1900001776;000010;000000005019;4.990;EIM;4700001170;00020;2300
300;1900001369;000010;000000005006;340.614;ST;4700001085;00010;2200
300;1900001644;000010;000000005018;16.767;EIM;4700001143;00010;2200
300;1900001047;000010;000000005018;15.117;EIM;4700001013;00010;2100
300;1900001629;000010;000000005013;2.669;ROL;4700001140;00030;2200
300;1900001891;000010;000000005023;156.269;ST;4700001198;00010;2000
300;1900001917;000010;000000005020;16.956;TO;4700001203;00020;2200
300;1900001201;000010;000000005015;404.041;ST;4700001052;00020;2300
300;1900001413;000010;000000005007;3.930;ST;4700001095;00010;2300
300;1900001907;000010;000000005004;48.686;M2;4700001202;00010;2000
300;1900001299;000010;000000005010;61.222;ST;4700001070;00030;2300
300;1900001607;000010;000000005017;229.853;ST;4700001135;00020;2200
300;1900001913;000010;5005;137.354;M2;4700001202;00030;2200
300;1900001452;000010;000000005001;263.614;SAC;4700001102;00010;2200
300;1900001720;000010;000000005004;305.000;M2;4700001156;00020;2200
300;1900001563;000010;000000005001;247.910;SAC;4700001128;00010;2200
300;1900001263;000010;000000005003;355.000;ST;4700001063;00040;2100
300;1900001322;000010;000000005001;903.000;SAC;4700001076;00020;2100
300;1900001804;000010;000000005023;210.143;ST;4700001176;00030;2200
300;1900001010;000010;000000005023;145.210;ST;4700001004;00020;2000
300;1900001817;000010;000000005011;273.000;ST;4700001181;00010;2300
300;1900001665;000010;000000005023;3.764;ST;4700001149;00010;2000
300;1900001083;000010;000000005003;20.621;ST;4700001024;00010;2000
300;1900001239;000010;5004;9.498;M2;4700001059;00010;2200
300;1900001381;000010;000000005016;196.559;ST;4700001087;00030;2300
300;1900001694;000010;000000005011;18.783;ST;4700001153;00020;2200
300;1900001258;000010;000000005003;342.737;ST;4700001063;00020;2100
300;1900001786;000010;000000005001;53.501;SAC;4700001173;00010;2100
300;1900001298;000010;000000005010;68.056;ST;4700001070;00030;2300
300;1900001921;000010;5022;56.252;M2;4700001203;00030;2000
300;1900001860;000010;000000005018;26.930;EIM;4700001191;00030;2200
300;1900001242;000010;000000005004;369.871;M2;4700001059;00030;2200
300;1900001740;000010;000000005015;43.572;ST;4700001162;00010;2100
300;1900001177;000010;000000005008;413.174;M2;4700001048;00010;2000
300;1900001113;000010;000000005021;37.242;TO;4700001031;00030;2200
300;1900001071;000010;000000005002;624.218;ST;4700001020;00020;2000
300;1900001359;000010;000000005013;5.068;ROL;4700001083;00010;2100
300;1900001019;000010;000000005004;143.013;M2;4700001006;00020;2000
300;1900001926;000010;000000005010;275.296;ST;4700001204;00020;2100
300;1900001203;000010;000000005023;398.086;ST;4700001053;00010;2300
300;1900001666;000010;000000005023;3.457;ST;4700001149;00010;2000
300;1900001716;000010;000000005002;236.826;ST;4700001155;00020;2300
300;1900001056;000010;000000005023;24.983;ST;4700001015;00010;2100
300;1900001362;000010;000000005012;16.139;ST;4700001083;00030;2100
300;1900001311;000010;000000005010;3.213;ST;4700001072;00010;2200
300;1900001070;000010;000000005002;152.782;ST;4700001020;00020;2000
300;1900001690;000010;000000005010;11.482;ST;4700001153;00010;2100
300;1900001538;000010;000000005009;658.156;SAC;4700001124;00020;2100
300;1900001151;000010;000000005001;0.967;PAL;4700001041;00020;2000
300;1900001323;000010;000000005021;67.000;TO;4700001076;00030;2100
300;1900001173;000010;000000005022;2.534;M2;4700001047;00030;2100
300;1900001719;000010;000000005004;407.528;M2;4700001156;00010;2300
300;1900001654;000010;000000005011;56.000;ST;4700001147;00010;2000
300;1900001744;000010;000000005015;90.374;ST;4700001162;00010;2100
300;1900001429;000010;000000005013;64.900;ROL;4700001098;00010;2300
300;1900001118;000010;000000005021;34.817;TO;4700001031;00040;2100
300;1900001220;000010;000000005012;107.643;ST;4700001057;00010;2200
300;1900001285;000010;000000005009;86.491;SAC;4700001069;00010;2000
300;1900001202;000010;000000005015;266.959;ST;4700001052;00020;2300
300;1900001947;000010;000000005009;281.502;SAC;4700001210;00010;2300
300;1900001406;000010;000000005023;80.103;ST;4700001092;00010;2100
300;1900001775;000010;000000005019;10.010;EIM;4700001170;00020;2300
300;1900001252;000010;000000005004;321.832;M2;4700001062;00020;2200
300;1900001936;000010;000000005010;256.669;ST;4700001208;00030;2300
300;1900001287;000010;000000005009;81.693;SAC;4700001069;00010;2000
300;1900001093;000010;000000005012;314.000;ST;4700001027;00020;2200
300;1900001737;000010;000000005001;417.838;SAC;4700001160;00030;2200
300;1900001717;000010;000000005004;38.405;M2;4700001156;00010;2300
300;1900001813;000010;000000005008;520.817;M2;4700001179;00020;2000
300;1900001811;000010;000000005013;14.473;ROL;4700001178;00020;2300
300;1900001534;000010;000000005009;36.149;SAC;4700001123;00010;2100
300;1900001885;000010;000000005020;7.202;TO;4700001196;00010;2100
300;1900001325;000010;000000005002;88.948;ST;4700001076;00040;2200
300;1900001403;000010;000000005023;543.525;ST;4700001092;00010;2100
300;1900001767;000010;000000005004;590.000;M2;4700001168;00010;2200
300;1900001849;000010;5004;50.000;M2;4700001190;00010;2100
300;1900001789;000010;000000005003;257.397;ST;4700001173;00020;2300
300;1900001338;000010;000000005014;197.208;ST;4700001080;00020;2000
300;1900001154;000010;000000005001;3.308;PAL;4700001042;00010;2300
300;1900001081;000010;000000005017;646.000;ST;4700001023;00010;2300
300;1900001337;000010;000000005014;141.131;ST;4700001080;00010;2200
300;1900001494;000010;000000005022;649.686;M2;4700001112;00020;2200
300;1900001102;000010;000000005003;95.055;ST;4700001028;00020;2300
300;1900001182;000010;000000005002;352.886;ST;4700001049;00020;2200
300;1900001618;000010;000000005022;125.253;M2;4700001137;00020;2200
300;1900001801;000010;000000005023;121.987;ST;4700001176;00010;2000
300;1900001827;000010;000000005008;35.223;M2;4700001184;00030;2000
300;1900001259;000010;000000005003;58.998;ST;4700001063;00020;2100
300;1900001414;000010;000000005007;3.906;ST;4700001095;00010;2300
300;1900001284;000010;000000005020;91.311;TO;4700001068;00020;2200
300;1900001749;000010;000000005012;176.406;ST;4700001163;00040;2000
300;1900001950;000010;000000005009;437.355;SAC;4700001210;00020;2200
300;1900001009;000010;000000005023;653.000;ST;4700001004;00010;2200
300;1900001421;000010;000000005007;43.029;ST;4700001095;00030;2300
300;1900001078;000010;000000005017;393.014;ST;4700001021;00010;2200
300;1900001932;000010;000000005023;39.508;ST;4700001206;00020;2000
300;1900001942;000010;000000005011;35.302;ST;4700001208;00040;2100
300;1900001379;000010;000000005015;15.521;ST;4700001086;00020;2000
300;1900001156;000010;000000005013;3.003;ROL;4700001043;00010;2000
300;1900001848;000010;000000005016;214.622;ST;4700001189;00020;2100
300;1900001770;000010;000000005004;29.258;M2;4700001168;00020;2000
300;1900001949;000010;000000005009;247.645;SAC;4700001210;00020;2200
300;1900001727;000010;000000005010;103.707;ST;4700001158;00010;2000
300;1900001623;000010;000000005013;17.034;ROL;4700001140;00010;2100
300;1900001901;000010;000000005016;656.000;ST;4700001200;00020;2300
300;1900001350;000010;000000005009;647.000;SAC;4700001081;00030;2100
300;1900001018;000010;000000005005;20.015;M2;4700001006;00010;2200
300;1900001373;000010;000000005014;196.816;ST;4700001086;00010;2200
300;1900001785;000010;000000005003;208.587;ST;4700001172;00030;2200
300;1900001087;000010;000000005013;0.318;ROL;4700001025;00010;2000
300;1900001398;000010;000000005001;79.514;SAC;4700001090;00010;2300
300;1900001872;000010;000000005011;139.965;ST;4700001194;00010;2000
300;1900001509;000010;000000005009;453.420;SAC;4700001115;00020;2200
300;1900001593;000010;000000005023;169.695;ST;4700001133;00020;2100
300;1900001158;000010;000000005012;358.727;ST;4700001043;00020;2100
300;1900001636;000010;000000005001;570.130;SAC;4700001141;00030;2100
300;1900001267;000010;000000005003;59.329;ST;4700001064;00010;2100
300;1900001483;000010;000000005013;9.618;ROL;4700001109;00020;2100
300;1900001575;000010;000000005003;136.105;ST;4700001130;00010;2100
300;1900001212;000010;000000005008;395.209;M2;4700001055;00020;2300
300;1900001115;000010;000000005021;95.919;TO;4700001031;00030;2200
300;1900001635;000010;000000005001;1006.681;SAC;4700001141;00020;2200
300;1900001428;000010;5005;45.401;M2;4700001097;00030;2200
300;1900001453;000010;000000005017;23.378;ST;4700001103;00010;2200
300;1900001703;000010;000000005003;146.264;ST;4700001154;00020;2200
300;1900001497;000010;000000005002;16.430;ST;4700001113;00010;2200
300;1900001487;000010;000000005009;370.787;SAC;4700001110;00020;2200
300;1900001353;000010;000000005001;65.483;SAC;4700001082;00010;2300
300;1900001109;000010;000000005022;277.680;M2;4700001031;00010;2100
300;1900001165;000010;000000005009;909.026;SAC;4700001046;00010;2200
300;1900001893;000010;000000005023;18.286;ST;4700001198;00020;2000
300;1900001099;000010;000000005009;112.746;SAC;4700001028;00010;2000
300;1900001446;000010;000000005009;441.000;SAC;4700001100;00040;2000
300;1900001442;000010;000000005009;316.176;SAC;4700001100;00030;2000
300;1900001568;000010;000000005003;87.385;ST;4700001128;00020;2000
300;1900001800;000010;000000005023;288.105;ST;4700001176;00010;2000
300;1900001935;000010;000000005010;651.000;ST;4700001208;00020;2200
300;1900001535;000010;000000005009;33.608;SAC;4700001123;00010;2100
300;1900001868;000010;000000005008;30.150;M2;4700001193;00020;2200
300;1900001906;000010;000000005019;49.430;EIM;4700001201;00010;2000
300;1900001448;000010;000000005001;328.802;SAC;4700001102;00010;2200
300;1900001647;000010;000000005012;205.696;ST;4700001144;00020;2100
300;1900001595;000010;000000005023;13.572;ST;4700001133;00020;2100
300;1900001662;000010;000000005019;20.428;EIM;4700001148;00010;2100
300;1900001953;000010;000000005023;56.000;ST;4700009030;00010;2000
300;1900001187;000010;000000005023;7.241;ST;4700001050;00010;2100
300;1900001672;000010;000000005023;325.462;ST;4700001150;00030;2100
300;1900001914;000010;000000005005;14.546;M2;4700001202;00030;2200
300;1900001555;000010;000000005022;321.459;M2;4700001126;00030;2100
300;1900001489;000010;000000005009;289.696;SAC;4700001110;00020;2200
300;1900001464;000010;000000005001;739.000;SAC;4700001106;00010;2300
300;1900001834;000010;000000005015;720.000;ST;4700001187;00010;2100
300;1900001653;000010;000000005023;179.939;ST;4700001146;00010;2000
300;1900001196;000010;000000005014;78.460;ST;4700001052;00010;2200
300;1900001733;000010;000000005002;161.131;ST;4700001160;00020;2200
300;1900001205;000010;000000005005;21.637;M2;4700001054;00010;2200
300;1900001286;000010;000000005009;44.035;SAC;4700001069;00010;2000
300;1900001874;000010;000000005011;164.000;ST;4700001194;00020;2300
300;1900001344;000010;000000005015;271.964;ST;4700001080;00040;2100
300;1900001578;000010;000000005002;1.518;ST;4700001130;00030;2100
300;1900001790;000010;000000005003;83.243;ST;4700001173;00020;2300
300;1900001498;000010;000000005002;9.921;ST;4700001113;00010;2200
300;1900001650;000010;000000005013;21.363;ROL;4700001144;00040;2200
300;1900001146;000010;000000005021;130.662;TO;4700001039;00010;2100
300;1900001810;000010;000000005012;75.000;ST;4700001178;00010;2200
300;1900001411;000010;000000005007;116.653;ST;4700001095;00010;2300
300;1900001548;000010;000000005021;27.766;TO;4700001126;00010;2100
300;1900001952;000010;000000005001;573.545;SAC;4700009075;00010;2000
300;1900001912;000010;000000005005;70.100;M2;4700001202;00030;2200
300;1900001511;000010;000000005001;122.037;SAC;4700001115;00040;2300
300;1900001877;000010;000000005022;98.874;M2;4700001195;00010;2000
300;1900001806;000010;000000005023;77.507;ST;4700001176;00030;2200
300;1900001782;000010;000000005008;48.507;M2;4700001172;00020;2100
300;1900001873;000010;000000005011;127.109;ST;4700001194;00010;2000
300;1900001124;000010;000000005009;233.805;SAC;4700001032;00020;2300
300;1900001235;000010;000000005007;690.909;ST;4700001058;00030;2000
300;1900001802;000010;000000005023;75.908;ST;4700001176;00010;2000
300;1900001591;000010;000000005023;255.599;ST;4700001133;00010;2200
300;1900001147;000010;000000005008;12.023;M2;4700001040;00010;2200
300;1900001894;000010;000000005023;393.293;ST;4700001198;00030;2200
300;1900001376;000010;000000005014;52.703;ST;4700001086;00010;2200
300;1900001814;000010;000000005008;353.183;M2;4700001179;00020;2000
300;1900001279;000010;5001;512.420;SAC;4700001067;00020;2300
300;1900001536;000010;000000005009;82.243;SAC;4700001123;00010;2100
300;1900001397;000010;000000005001;46.538;SAC;4700001090;00010;2300
300;1900001470;000010;000000005009;521.917;SAC;4700001108;00010;2100
300;1900001335;000010;000000005001;486.000;SAC;4700001079;00010;2000
300;1900001031;000010;000000005023;62.166;ST;4700001010;00010;2300
300;1900001792;000010;5003;424.640;ST;4700001173;00030;2200
300;1900001138;000010;000000005015;100.559;ST;4700001036;00040;2200
300;1900001088;000010;000000005011;740.000;ST;4700001026;00010;2200
300;1900001433;000010;000000005021;38.654;TO;4700001099;00030;2300
300;1900001327;000010;000000005002;126.758;ST;4700001076;00040;2200
300;1900001085;000010;000000005003;6.288;ST;4700001024;00010;2000
300;1900001518;000010;000000005009;29.136;SAC;4700001117;00010;2000
300;1900001090;000010;000000005010;238.254;ST;4700001026;00020;2300
300;1900001157;000010;000000005013;1.997;ROL;4700001043;00010;2000
300;1900001819;000010;000000005004;626.542;M2;4700001183;00010;2000
300;1900001064;000010;000000005004;182.910;M2;4700001018;00020;2300
300;1900001934;000010;000000005011;727.000;ST;4700001208;00010;2200
300;1900001820;000010;000000005004;102.458;M2;4700001183;00010;2000
300;1900001543;000010;000000005002;145.776;ST;4700001124;00040;2200
300;1900001105;000010;000000005022;380.420;M2;4700001029;00020;2300
300;1900001248;000010;000000005023;168.996;ST;4700001060;00030;2000
300;1900001751;000010;000000005013;9.387;ROL;4700001164;00020;2100
300;1900001425;000010;000000005004;887.000;M2;4700001097;00010;2100
300;1900001159;000010;000000005013;4.301;ROL;4700001043;00030;2300
300;1900001583;000010;000000005012;13.664;ST;4700001131;00010;2300
300;1900001658;000010;000000005011;255.294;ST;4700001147;00030;2100
300;1900001309;000010;000000005010;11.362;ST;4700001072;00010;2200
300;1900001002;000010;000000005008;359.708;M2;4700001001;00020;2200
300;1900001779;000010;000000005016;12.615;ST;4700001171;00010;2100
300;1900001012;000010;000000005023;9.261;ST;4700001004;00020;2000
300;1900001346;000010;000000005008;169.916;M2;4700001081;00010;2200
300;1900001292;000010;000000005011;350.135;ST;4700001070;00010;2200
300;1900001100;000010;000000005009;57.432;SAC;4700001028;00010;2000
300;1900001684;000010;000000005016;198.910;ST;4700001152;00010;2300
300;1900001275;000010;000000005024;1075.000;SAC;4700001065;00020;2100
300;1900001855;000010;000000005019;15.515;EIM;4700001191;00010;2000
300;1900001656;000010;000000005010;138.583;ST;4700001147;00020;2300
300;1900001094;000010;000000005012;78.798;ST;4700001027;00030;2000
300;1900001577;000010;000000005002;1.794;ST;4700001130;00030;2100
300;1900001700;000010;000000005003;167.092;ST;4700001154;00010;2200
300;1900001261;000010;000000005001;85.999;SAC;4700001063;00030;2100
300;1900001301;000010;000000005011;100.658;ST;4700001070;00040;2000
300;1900001510;000010;000000005008;830.000;M2;4700001115;00030;2300
300;1900001017;000010;000000005005;39.985;M2;4700001006;00010;2200
300;1900001114;000010;000000005021;49.940;TO;4700001031;00030;2200
300;1900001013;000010;000000005010;88.178;ST;4700001005;00010;2200
300;1900001459;000010;000000005023;92.503;ST;4700001104;00030;2000
300;1900001752;000010;000000005013;2.383;ROL;4700001164;00020;2100
300;1900001500;000010;000000005008;455.709;M2;4700001113;00020;2000
300;1900001189;000010;000000005023;164.209;ST;4700001050;00020;2000
300;1900001126;000010;000000005008;312.081;M2;4700001033;00010;2000
300;1900001724;000010;000000005004;40.481;M2;4700001157;00010;2100
300;1900001671;000010;000000005023;262.107;ST;4700001150;00030;2100
300;1900001645;000010;000000005012;228.000;ST;4700001144;00010;2000
300;1900001626;000010;000000005012;39.596;ST;4700001140;00020;2000
300;1900001791;000010;000000005003;71.355;ST;4700001173;00020;2300
300;1900001237;000010;000000005006;249.063;ST;4700001058;00040;2000
300;1900001879;000010;000000005021;19.707;TO;4700001195;00030;2300
300;1900001408;000010;000000005017;3.900;ST;4700001093;00010;2100
300;1900001167;000010;000000005009;67.167;SAC;4700001046;00010;2200
300;1900001946;000010;000000005009;618.247;SAC;4700001210;00010;2300
300;1900001787;000010;000000005001;89.273;SAC;4700001173;00010;2100
300;1900001361;000010;000000005012;85.216;ST;4700001083;00030;2100
300;1900001268;000010;000000005003;560.581;ST;4700001064;00010;2100
300;1900001331;000010;000000005017;16.518;ST;4700001077;00020;2000
300;1900001608;000010;000000005007;21.000;ST;4700001136;00010;2100
300;1900001444;000010;000000005009;124.964;SAC;4700001100;00030;2000
300;1900001754;000010;000000005013;0.329;ROL;4700001164;00020;2100
300;1900001823;000010;000000005002;82.977;ST;4700001184;00010;2200
300;1900001418;000010;000000005007;59.481;ST;4700001095;00020;2100
300;1900001598;000010;000000005005;73.513;M2;4700001134;00010;2200
300;1900001129;000010;000000005005;41.145;M2;4700001035;00010;2200
300;1900001638;000010;000000005002;78.515;ST;4700001141;00040;2300
300;1900001160;000010;000000005013;7.306;ROL;4700001043;00030;2300
300;1900001870;000010;000000005009;128.151;SAC;4700001193;00030;2100
300;1900001304;000010;000000005011;200.519;ST;4700001070;00040;2000
300;1900001106;000010;000000005003;31.170;ST;4700001030;00010;2300
300;1900001048;000010;000000005018;15.014;EIM;4700001013;00010;2100
300;1900001438;000010;000000005008;116.297;M2;4700001100;00010;2000
300;1900001571;000010;000000005005;34.438;M2;4700001129;00010;2300
300;1900001450;000010;000000005001;64.006;SAC;4700001102;00010;2200
300;1900001104;000010;000000005022;62.000;M2;4700001029;00010;2100
300;1900001432;000010;000000005021;24.737;TO;4700001099;00030;2300
300;1900001092;000010;000000005013;5.643;ROL;4700001027;00010;2000
300;1900001900;000010;000000005017;77.000;ST;4700001200;00010;2100
300;1900001188;000010;000000005023;30.605;ST;4700001050;00010;2100
300;1900001778;000010;000000005016;13.429;ST;4700001171;00010;2100
300;1900001561;000010;000000005011;455.037;ST;4700001127;00040;2200
300;1900001549;000010;000000005021;48.652;TO;4700001126;00010;2100
300;1900001516;000010;000000005014;9.972;ST;4700001116;00030;2300
300;1900001663;000010;000000005023;30.360;ST;4700001149;00010;2000
300;1900001735;000010;000000005002;92.642;ST;4700001160;00020;2200
300;1900001415;000010;000000005007;43.887;ST;4700001095;00010;2300
300;1900001169;000010;000000005021;71.715;TO;4700001047;00020;2100
300;1900001882;000010;000000005021;31.017;TO;4700001195;00040;2100
300;1900001710;000010;000000005001;125.329;SAC;4700001154;00040;2200
300;1900001837;000010;000000005003;303.796;ST;4700001188;00030;2000
300;1900001221;000010;000000005012;243.211;ST;4700001057;00010;2200
300;1900001364;000010;000000005012;50.199;ST;4700001083;00030;2100
300;1900001896;000010;000000005015;273.619;ST;4700001199;00010;2300
300;1900001905;000010;000000005019;62.570;EIM;4700001201;00010;2000
300;1900001463;000010;000000005006;112.000;ST;4700001105;00020;2100
300;1900001021;000010;000000005009;191.000;SAC;4700001007;00010;2300
300;1900001159;000010;000000005013;3.910;ROL;4700001043;00030;2300
300;1900001132;000010;000000005005;117.005;M2;4700001035;00020;2200
300;1900001691;000010;000000005010;116.518;ST;4700001153;00010;2100
300;1900001525;000010;000000005009;741.000;SAC;4700001119;00020;2300
300;1900001928;000010;000000005010;124.654;ST;4700001205;00010;2100
300;1900001382;000010;000000005016;105.998;ST;4700001087;00030;2300
300;1900001222;000010;000000005012;456.119;ST;4700001057;00020;2000
300;1900001588;000010;000000005008;378.000;M2;4700001132;00010;2300
300;1900001829;000010;000000005014;194.384;ST;4700001186;00010;2000
300;1900001067;000010;000000005004;232.365;M2;4700001018;00040;2200
300;1900001185;000010;000000005003;5.794;ST;4700001049;00030;2200
300;1900001384;000010;000000005019;52.303;EIM;4700001088;00010;2200
300;1900001613;000010;000000005006;140.851;ST;4700001136;00040;2300
300;1900001796;000010;000000005019;6.454;EIM;4700001174;00010;2000
300;1900001128;000010;000000005010;53.788;ST;4700001034;00010;2100
300;1900001897;000010;000000005015;212.381;ST;4700001199;00010;2300
300;1900001559;000010;000000005010;654.000;ST;4700001127;00020;2300
300;1900001206;000010;000000005005;37.363;M2;4700001054;00010;2200
300;1900001052;000010;000000005019;49.000;EIM;4700001014;00010;2000
300;1900001795;000010;000000005019;13.546;EIM;4700001174;00010;2000
300;1900001886;000010;000000005020;4.518;TO;4700001196;00010;2100
300;1900001863;000010;000000005014;270.706;ST;4700001192;00010;2200
300;1900001474;000010;000000005009;133.482;SAC;4700001108;00030;2200
300;1900001570;000010;000000005005;19.439;M2;4700001129;00010;2300
300;1900001803;000010;000000005023;195.000;ST;4700001176;00020;2200
300;1900001198;000010;000000005014;72.188;ST;4700001052;00010;2200
300;1900001709;000010;000000005001;15.634;SAC;4700001154;00040;2200
300;1900001176;000010;000000005022;74.893;M2;4700001047;00040;2300
300;1900001274;000010;000000005024;100.606;SAC;4700001065;00010;2300
300;1900001931;000010;000000005023;28.741;ST;4700001206;00020;2000
300;1900001707;000010;5002;127.024;ST;4700001154;00030;2300
300;1900001357;000010;000000005013;9.044;ROL;4700001083;00010;2100
300;1900001079;000010;000000005005;200.658;M2;4700001022;00010;2000
300;1900001524;000010;000000005008;17.702;M2;4700001119;00010;2000
300;1900001324;000010;000000005002;112.720;ST;4700001076;00040;2200
300;1900001461;000010;000000005024;213.629;SAC;4700001105;00010;2300
300;1900001556;000010;000000005010;15.323;ST;4700001127;00010;2100
300;1900001458;000010;000000005023;748.000;ST;4700001104;00020;2000
300;1900001887;000010;000000005020;0.675;TO;4700001196;00010;2100
300;1900001807;000010;000000005009;998.000;SAC;4700001177;00010;2200
300;1900001372;000010;000000005014;195.198;ST;4700001086;00010;2200
300;1900001370;000010;000000005006;208.386;ST;4700001085;00010;2200
300;1900001125;000010;000000005008;122.919;M2;4700001033;00010;2000
300;1900001490;000010;000000005008;139.688;M2;4700001111;00010;2300
300;1900001951;000010;000000005012;192.000;ST;4700009042;00040;2000
300;1900001170;000010;000000005021;61.113;TO;4700001047;00020;2100
300;1900001054;000010;000000005018;40.287;EIM;4700001014;00020;2200
300;1900001532;000010;000000005005;312.853;M2;4700001122;00010;2200
300;1900001478;000010;000000005009;57.468;SAC;4700001108;00040;2100
300;1900001049;000010;000000005018;93.408;EIM;4700001013;00020;2300
300;1900001955;000010;000000005023;8.529;ST;4700009073;00020;2000
300;1900001513;000010;000000005001;158.872;SAC;4700001115;00040;2300
300;1900001310;000010;000000005010;11.349;ST;4700001072;00010;2200
300;1900001256;000010;000000005001;1183.000;SAC;4700001063;00010;2200
300;1900001771;000010;000000005004;50.078;M2;4700001168;00020;2000
300;1900001773;000010;000000005019;17.113;EIM;4700001170;00010;2100
300;1900001211;000010;000000005009;494.528;SAC;4700001055;00010;2300
300;1900001192;000010;000000005001;174.898;SAC;4700001051;00010;2200
300;1900001447;000010;5005;223.000;M2;4700001101;00010;2100
300;1900001215;000010;000000005016;100.993;ST;4700001056;00010;2100
300;1900001319;000010;000000005012;59.267;ST;4700001075;00010;2300
300;1900001698;000010;000000005003;119.824;ST;4700001154;00010;2200
300;1900001255;000010;000000005005;126.137;M2;4700001062;00030;2000
300;1900001781;000010;000000005003;116.999;ST;4700001172;00010;2100
300;1900001596;000010;000000005023;24.186;ST;4700001133;00020;2100
300;1900001029;000010;000000005001;2.306;PAL;4700001009;00020;2200
300;1900001034;000010;000000005023;266.063;ST;4700001010;00020;2300
300;1900001696;000010;000000005011;133.834;ST;4700001153;00020;2200
300;1900001333;000010;000000005005;16.019;M2;4700001078;00010;2300
300;1900001375;000010;000000005014;55.742;ST;4700001086;00010;2200
300;1900001273;000010;000000005024;309.288;SAC;4700001065;00010;2300
300;1900001722;000010;000000005005;50.987;M2;4700001156;00030;2000
300;1900001552;000010;000000005020;77.540;TO;4700001126;00020;2100
300;1900001611;000010;000000005006;80.969;ST;4700001136;00040;2300
300;1900001924;000010;000000005010;302.622;ST;4700001204;00010;2300
300;1900001892;000010;000000005023;2.305;ST;4700001198;00020;2000
300;1900001708;000010;000000005002;135.584;ST;4700001154;00030;2300
300;1900001380;000010;000000005017;360.000;ST;4700001087;00010;2000
300;1900001612;000010;000000005006;70.459;ST;4700001136;00040;2300
300;1900001378;000010;000000005015;24.953;ST;4700001086;00020;2000
300;1900001295;000010;000000005010;23.454;ST;4700001070;00020;2200
300;1900001858;000010;000000005019;19.362;EIM;4700001191;00020;2200
300;1900001569;000010;000000005005;84.945;M2;4700001129;00010;2300
300;1900001544;000010;000000005002;164.454;ST;4700001124;00040;2200
300;1900001831;000010;000000005014;194.678;ST;4700001186;00020;2300
300;1900001689;000010;000000005017;5.283;ST;4700001152;00030;2300
300;1900001107;000010;000000005003;27.147;ST;4700001030;00010;2300
300;1900001844;000010;000000005016;30.886;ST;4700001189;00020;2100
300;1900001586;000010;000000005012;65.719;ST;4700001131;00020;2300
300;1900001643;000010;000000005018;61.881;EIM;4700001143;00010;2200
300;1900001363;000010;000000005012;12.446;ST;4700001083;00030;2100
300;1900001486;000010;000000005008;97.483;M2;4700001110;00010;2000
300;1900001843;000010;000000005016;415.774;ST;4700001189;00010;2100
300;1900001841;000010;000000005002;143.851;ST;4700001188;00040;2300
300;1900001023;000010;000000005009;128.353;SAC;4700001007;00020;2200
300;1900001919;000010;000000005022;83.546;M2;4700001203;00030;2000
300;1900001457;000010;000000005023;242.937;ST;4700001104;00010;2200
300;1900001171;000010;000000005022;242.733;M2;4700001047;00030;2100
300;1900001434;000010;000000005021;7.600;TO;4700001099;00030;2300
300;1900001367;000010;000000005019;56.656;EIM;4700001084;00020;2100
300;1900001409;000010;000000005017;657.000;ST;4700001093;00020;2000
300;1900001454;000010;000000005017;28.622;ST;4700001103;00010;2200
300;1900001117;000010;000000005021;21.408;TO;4700001031;00040;2100
300;1900001089;000010;000000005010;359.746;ST;4700001026;00020;2300
300;1900001681;000010;000000005016;21.145;ST;4700001152;00010;2300
300;1900001753;000010;000000005013;4.446;ROL;4700001164;00020;2100
300;1900001123;000010;000000005009;158.195;SAC;4700001032;00020;2300
300;1900001130;000010;000000005005;59.791;M2;4700001035;00010;2200
300;1900001760;000010;000000005021;29.374;TO;4700001166;00010;2000
300;1900001683;000010;000000005016;166.554;ST;4700001152;00010;2300
300;1900001956;000010;000000005001;46.403;SAC;4700009045;00020;2000
300;1900001573;000010;000000005004;888.000;M2;4700001129;00020;2100
300;1900001884;000010;000000005020;13.605;TO;4700001196;00010;2100
300;1900001758;000010;000000005020;61.776;TO;4700001165;00010;2300
300;1900001748;000010;000000005012;789.000;ST;4700001163;00020;2000
300;1900001602;000010;000000005005;68.857;M2;4700001134;00030;2000
300;1900001576;000010;000000005003;185.687;ST;4700001130;00010;2100
300;1900001798;000010;000000005020;39.104;TO;4700001175;00010;2100
300;1900001133;000010;000000005005;257.564;M2;4700001035;00020;2200
300;1900001140;000010;000000005015;4.080;ST;4700001037;00010;2100
300;1900001303;000010;000000005011;127.129;ST;4700001070;00040;2000
300;1900001704;000010;000000005003;121.628;ST;4700001154;00020;2200
300;1900001557;000010;000000005010;13.348;ST;4700001127;00010;2100
300;1900001229;000010;000000005024;88.593;SAC;4700001058;00010;2300
300;1900001840;000010;000000005002;32.663;ST;4700001188;00040;2300
300;1900001648;000010;000000005012;8.844;ST;4700001144;00030;2200
300;1900001529;000010;5001;658.075;SAC;4700001121;00010;2200
300;1900001743;000010;000000005015;179.581;ST;4700001162;00010;2100
300;1900001199;000010;000000005014;8.016;ST;4700001052;00010;2200
300;1900001191;000010;000000005023;503.837;ST;4700001050;00030;2300
300;1900001312;000010;000000005010;3.076;ST;4700001072;00010;2200
300;1900001755;000010;000000005013;21.184;ROL;4700001164;00030;2300
300;1900001939;000010;000000005011;63.920;ST;4700001208;00040;2100
300;1900001627;000010;000000005012;30.035;ST;4700001140;00020;2000
300;1900001793;000010;000000005003;239.360;ST;4700001173;00030;2200
300;1900001929;000010;000000005010;61.467;ST;4700001205;00010;2100
300;1900001247;000010;000000005023;9.004;ST;4700001060;00030;2000
300;1900001908;000010;000000005004;60.168;M2;4700001202;00010;2000
300;1900001499;000010;000000005008;355.291;M2;4700001113;00020;2000
300;1900001667;000010;000000005023;198.000;ST;4700001150;00010;2100
300;1900001180;000010;000000005002;217.200;ST;4700001049;00010;2300
300;1900001473;000010;000000005009;482.149;SAC;4700001108;00020;2000
300;1900001033;000010;000000005023;62.590;ST;4700001010;00010;2300
300;1900001423;000010;000000005004;16.321;M2;4700001096;00020;2100
300;1900001334;000010;000000005005;86.058;M2;4700001078;00010;2300
300;1900001888;000010;000000005003;562.000;ST;4700001197;00010;2200
300;1900001738;000010;000000005001;302.989;SAC;4700001160;00030;2200
300;1900001910;000010;000000005004;190.864;M2;4700001202;00010;2000
300;1900001443;000010;000000005009;183.826;SAC;4700001100;00030;2000
300;1900001091;000010;000000005013;19.307;ROL;4700001027;00010;2000
300;1900001119;000010;000000005008;2.231;M2;4700001032;00010;2200
300;1900001440;000010;000000005009;635.954;SAC;4700001100;00020;2100
300;1900001554;000010;000000005022;72.564;M2;4700001126;00030;2100
300;1900001769;000010;000000005004;266.355;M2;4700001168;00020;2000
300;1900001467;000010;000000005022;394.326;M2;4700001107;00020;2000
300;1900001876;000010;000000005022;406.279;M2;4700001195;00010;2000
300;1900001351;000010;000000005001;217.210;SAC;4700001082;00010;2300
300;1900001055;000010;000000005023;114.991;ST;4700001015;00010;2100
300;1900001539;000010;000000005008;177.399;M2;4700001124;00030;2000
300;1900001082;000010;000000005016;711.000;ST;4700001023;00020;2100
300;1900001210;000010;000000005009;539.234;SAC;4700001055;00010;2300
300;1900001183;000010;000000005003;215.227;ST;4700001049;00030;2200
300;1900001655;000010;000000005010;269.417;ST;4700001147;00020;2300
300;1900001656;000010;000000005010;152.441;ST;4700001147;00020;2300
300;1900001270;000010;000000005003;60.191;ST;4700001064;00020;2200
300;1900001726;000010;000000005010;49.260;ST;4700001158;00010;2000
300;1900001679;000010;000000005005;365.252;M2;4700001151;00040;2100
300;1900001677;000010;000000005005;267.940;M2;4700001151;00040;2100
300;1900001937;000010;000000005010;185.634;ST;4700001208;00030;2300
300;1900001479;000010;000000005009;50.405;SAC;4700001108;00040;2100
300;1900001788;000010;000000005001;178.226;SAC;4700001173;00010;2100
300;1900001254;000010;000000005005;323.863;M2;4700001062;00030;2000
300;1900001424;000010;000000005004;34.679;M2;4700001096;00020;2100
300;1900001492;000010;000000005008;176.968;M2;4700001111;00010;2300
300;1900001871;000010;000000005011;76.650;ST;4700001194;00010;2000
300;1900001355;000010;000000005001;130.580;SAC;4700001082;00020;2000
300;1900001697;000010;000000005011;88.678;ST;4700001153;00020;2200
300;1900001439;000010;000000005008;280.138;M2;4700001100;00010;2000
300;1900001590;000010;000000005023;131.714;ST;4700001133;00010;2200
300;1900001909;000010;000000005004;129.282;M2;4700001202;00010;2000
300;1900001482;000010;000000005012;368.655;ST;4700001109;00010;2300
300;1900001610;000010;000000005024;882.000;SAC;4700001136;00030;2300
300;1900001050;000010;000000005018;5.960;EIM;4700001013;00020;2300
300;1900001526;000010;000000005011;73.995;ST;4700001120;00010;2000
300;1900001371;000010;000000005007;323.000;ST;4700001085;00020;2100
300;1900001328;000010;000000005017;162.000;ST;4700001077;00010;2300
300;1900001137;000010;000000005015;44.418;ST;4700001036;00040;2200
300;1900001527;000010;000000005011;505.000;ST;4700001120;00020;2300
300;1900001622;000010;000000005018;20.000;EIM;4700001139;00010;2200
300;1900001166;000010;000000005009;110.807;SAC;4700001046;00010;2200
300;1900001836;000010;000000005001;355.455;SAC;4700001188;00010;2000
300;1900001678;000010;000000005005;1.102;M2;4700001151;00040;2100
300;1900001318;000010;000000005012;379.995;ST;4700001075;00010;2300
300;1900001761;000010;000000005021;13.688;TO;4700001166;00010;2000
300;1900001069;000010;000000005020;98.000;TO;4700001020;00010;2200
300;1900001003;000010;000000005008;177.622;M2;4700001001;00020;2200
300;1900001845;000010;000000005016;25.521;ST;4700001189;00020;2100
300;1900001816;000010;000000005024;392.607;SAC;4700001180;00010;2100
300;1900001151;000010;000000005001;51.043;SAC;4700001041;00020;2000
300;1900001808;000010;000000005002;4.705;ST;4700001177;00020;2300
300;1900001225;000010;5012;11.895;ST;4700001057;00030;2100
300;1900001282;000010;000000005021;70.637;TO;4700001068;00010;2200
300;1900001869;000010;000000005009;135.699;SAC;4700001193;00030;2100
300;1900001777;000010;000000005016;40.548;ST;4700001171;00010;2100
300;1900001780;000010;000000005003;277.001;ST;4700001172;00010;2100
300;1900001862;000010;000000005014;510.294;ST;4700001192;00010;2200
300;1900001111;000010;000000005021;51.022;TO;4700001031;00020;2100
300;1900001216;000010;5017;379.133;ST;4700001056;00020;2100
300;1900001436;000010;000000005021;4.976;TO;4700001099;00030;2300
300;1900001155;000010;000000005001;293.219;SAC;4700001042;00010;2300
300;1900001864;000010;000000005009;253.136;SAC;4700001193;00010;2000
300;1900001343;000010;000000005015;231.447;ST;4700001080;00040;2100
300;1900001011;000010;000000005023;8.529;ST;4700001004;00020;2000
300;1900001058;000010;000000005023;32.816;ST;4700001015;00010;2100
300;1900001416;000010;000000005007;77.345;ST;4700001095;00010;2300
300;1900001345;000010;000000005015;71.589;ST;4700001080;00040;2100
300;1900001480;000010;000000005009;56.127;SAC;4700001108;00040;2100
300;1900001580;000010;000000005002;10.014;ST;4700001130;00030;2100
300;1900001522;000010;5008;78.034;M2;4700001119;00010;2000
300;1900001197;000010;000000005014;46.243;ST;4700001052;00010;2200
300;1900001621;000010;000000005022;182.831;M2;4700001138;00010;2000
300;1900001867;000010;000000005008;46.762;M2;4700001193;00020;2200
300;1900001136;000010;000000005015;321.000;ST;4700001036;00030;2000
300;1900001747;000010;000000005012;13.852;ST;4700001163;00010;2100
300;1900001731;000010;000000005001;57.491;SAC;4700001160;00010;2100
300;1900001445;000010;000000005009;202.034;SAC;4700001100;00030;2000
300;1900001116;000010;000000005021;13.902;TO;4700001031;00040;2100
300;1900001277;000010;000000005001;498.000;SAC;4700001067;00010;2000
300;1900001027;000010;000000005023;116.221;ST;4700001008;00020;2100
300;1900001339;000010;000000005014;81.792;ST;4700001080;00020;2000
