MATNR;MAKTX;MTART;MEINS;MATKL
000000005001;Zement CEM II/B-S 32,5 R 25 kg;HAWA;SAC;B01
000000005002;Kalksandstein KS 2DF 12-1,8;HAWA;ST;B02
000000005003;Porenbetonstein PP2-0,35 625x240;HAWA;ST;B02
000000005004;Dämmplatte EPS 035 100 mm;HAWA;M2;B03
000000005005;Mineralwolle Klemmfilz 160 mm;HAWA;M2;B03
000000005006;Gipskartonplatte 12,5 mm 2000x1250;HAWA;ST;B04
000000005007;Trockenbauprofil CW 75 4000 mm;HAWA;ST;B04
000000005008;Bodenfliese Feinsteinzeug 60x60 grau;HAWA;M2;B05
000000005009;Fugenmörtel flexibel 25 kg;HAWA;SAC;B05
000000005010;Bewehrungsstahl B500B d12 6 m;HAWA;ST;B06
000000005011;Baustahlmatte Q188A;HAWA;ST;B06
000000005012;Dachziegel Tondach rot;HAWA;ST;B07
000000005013;Unterspannbahn 1,5x50 m;HAWA;ROL;B07
000000005014;KVH Konstruktionsvollholz 60x120 5 m;HAWA;ST;B08
000000005015;OSB/3 Platte 18 mm 2500x1250;HAWA;ST;B08
000000005016;Kunststofffenster 2-flg. 1230x1480;HAWA;ST;B09
000000005017;Innentür CPL weiß 860x1985;HAWA;ST;B09
000000005018;Fassadenfarbe Silikonharz 12,5 l;HAWA;EIM;B10
000000005019;Innendispersion weiß 12,5 l;HAWA;EIM;B10
000000005020;Schotter 16/32 lose;HAWA;TO;B11
000000005021;Kies 2/8 lose;HAWA;TO;B11
000000005022;Pflasterstein Beton 20x10x8 grau;HAWA;M2;B11
000000005023;Waschtisch-Set Keramik 60 cm;HAWA;ST;B12
000000005024;Spachtelmasse Gips 25 kg;HAWA;SAC;B04
